old_index,old_name,old_longitude,old_latitude,candidate_id,candidate_distance_m,name_candidate_count,comparison_accepted,nearest_any_id,nearest_any_distance_m
0,(구)월호평동사무소,128.9363884,37.7356374,4201421,33.356,1,True,4201421,33.356
1,IBK기업은행,128.8954183,37.7543569,,,0,False,4200252,63.839
2,KT,128.9118147,37.7728024,4200106,4.867,2,True,4200106,4.867
3,KTX역버스승강장,128.8993066,37.7641209,,,0,False,4200721,6.347
4,LH영동사업본부,128.8967158,37.7584578,,,0,False,4201411,4.019
5,e편한세상,128.895195,37.7696692,,,0,False,4200547,7.907
6,e편한세상,128.8950166,37.7698753,,,0,False,4200546,9.014
7,가작다리입구,128.8943781,37.7659127,4201376,6.944,2,True,4201376,6.944
8,가작다리입구,128.8942839,37.7661109,4201375,6.291,2,True,4201375,6.291
9,가톨릭관동대학교,128.8780425,37.7383253,4200063,3.238,1,True,4200063,3.238
10,강남동주민센터,128.9048984,37.7442456,4200789,2.318,1,True,4200789,2.318
11,강릉MBC,128.9039236,37.7704289,4200542,4.304,1,True,4200542,4.304
12,강릉경찰서,128.9068785,37.7680964,4200057,4.569,2,True,4200057,4.569
13,강릉경찰서,128.906871,37.7678156,4200058,7.046,2,True,4200058,7.046
14,강릉고속버스터미널,128.8800733,37.7548222,,,0,False,4200120,78.616
15,강릉고입구,128.9204413,37.7835718,4200102,4.739,2,True,4200102,4.739
16,강릉고입구,128.920144,37.7836278,4200101,2.434,2,True,4200101,2.434
17,강릉고정문,128.915562,37.788325,4200047,6.732,2,True,4200047,6.732
18,강릉관광개발공사,128.8801026,37.7536488,4200112,2957.118,2,False,4200750,2.686
19,강릉관광호텔,128.9045471,37.7662213,,,0,False,4200322,3.608
20,강릉관광호텔,128.904898,37.7662224,,,0,False,4200321,3.99
21,강릉교도소,128.8664899,37.7458245,4201024,4.772,2,True,4201024,4.772
22,강릉교도소,128.8652396,37.7459714,4201023,25.312,2,True,4201023,25.312
23,강릉국민체육센터,128.8964913,37.7769486,4200431,4.706,2,True,4200431,4.706
24,강릉녹색도시체험센터,128.907619,37.7870392,4201256,26.612,2,True,4201256,26.612
25,강릉녹색도시체험센터,128.9064871,37.7865828,4201257,12.232,2,True,4201257,12.232
26,"강릉농협(복편)경포고,안목방향",128.8999746,37.7601505,,,0,False,4201038,7.199
27,"강릉대,치대",128.8696712,37.7640661,,,0,False,4209996,7.872
28,강릉대도호부관아,128.8917294,37.7512583,4200852,11.18,2,True,4200852,11.18
29,강릉바른이치과의원,128.8957301,37.7542981,,,0,False,4200252,40.496
30,강릉버스터미널,128.8789735,37.754924,,,0,False,4200121,14.074
31,강릉버스터미널,128.878857,37.7549293,,,0,False,4200121,23.793
32,강릉소방서,128.871146,37.758177,4200291,4.449,2,True,4200291,4.449
33,강릉시외고속터미널,128.8792194,37.755104,4200120,5.479,2,True,4200120,5.479
34,강릉시외버스터미널,128.8778316,37.7549888,,,0,False,4200121,113.474
35,강릉시외버스터미널,128.8791395,37.7544547,,,0,False,4200121,45.659
36,강릉시외버스터미널,128.8793126,37.7539895,,,0,False,4200750,81.148
37,강릉시외버스터미널(버스정류장),128.87795,37.7546,,,0,False,4200121,106.439
38,강릉시청,128.878083,37.750894,4201027,5.882,1,True,4201027,5.882
39,강릉여고,128.9024186,37.7590627,4200094,6.095,1,True,4200094,6.095
40,강릉여고정문,128.9055202,37.7588486,4201203,15.654,2,True,4201203,15.654
41,강릉여고정문,128.9052266,37.759354,4201202,12.378,2,True,4201202,12.378
42,강릉역,128.8993978,37.7636535,4200721,57.859,1,False,4200293,48.837
43,강릉역,128.8982631,37.7642755,4200721,88.119,1,False,4200625,38.369
44,강릉역,128.8981338,37.7641605,4200721,98.574,1,False,4200625,34.629
45,강릉원주대입구,128.875024,37.770818,4201041,80.847,2,True,4200085,78.51
46,강릉원주대학교,128.8742106,37.7708177,,,0,False,4200085,7.849
47,강릉원주대후문,128.8750669,37.7732459,4200087,12.577,2,False,4200087,12.577
48,강릉유천아파트,128.8678379,37.7535779,,,0,False,4200543,26.035
49,강릉읍성유적,128.889587,37.7510145,,,0,False,4200851,181.774
50,강릉의료원,128.8908812,37.7498016,4200851,5.854,2,True,4200851,5.854
51,강릉제일고,128.8918857,37.7595953,4200247,6.462,2,True,4200247,6.462
52,강릉중앙고,128.91216,37.7593854,4200761,1.086,2,True,4200761,1.086
53,강릉중앙고교,128.9129092,37.7596417,,,0,False,4200760,5.198
54,강릉중입구,128.90432,37.7526337,4201197,6.636,2,True,4201197,6.636
55,강릉중입구,128.9045861,37.7526727,4201196,13.777,2,True,4201196,13.777
56,강릉초교,128.887401,37.752225,,,0,False,4201033,5.751
57,강릉축협,128.8802015,37.7405644,,,0,False,4200360,4.614
58,강문,128.9151585,37.7946347,,,0,False,4201260,5.04
59,강문,128.9153353,37.7947564,,,0,False,4201261,7.567
60,강문종점,128.9164478,37.7953661,,,0,False,4200613,8.553
61,강원도교육연수원,128.9180766,37.7852023,4200100,15.178,2,True,4200100,15.178
62,강일여고,128.8883381,37.7642296,4200245,286.613,2,False,4200081,7.944
63,강일여고,128.8915828,37.7645724,4200245,0.872,2,True,4200245,0.872
64,강일여고정문,128.887337,37.763843,4200082,21.477,2,True,4200082,21.477
65,강일운수,128.8635453,37.7368958,4200840,4.865,2,True,4200840,4.865
66,경포고교,128.9188467,37.7808434,4200288,9.724,2,True,4200288,9.724
67,경포고교,128.9190307,37.7805859,4200103,2.205,2,True,4200103,2.205
68,"경포대,참소리박물관",128.8969955,37.7955579,4200072,7.01,2,True,4200072,7.01
69,경포동주민센터,128.8805827,37.7841585,4200077,6.13,2,True,4200077,6.13
70,경포생태습지원,128.9115715,37.7996943,,,0,False,4201267,4.226
71,경포중학교,128.9012352,37.7397689,4200061,348.87,2,False,4200732,4.621
72,경포초등학교,128.878923,37.7697456,4200080,1.181,1,True,4200080,1.181
73,경포해변,128.90622,37.804201,4200323,62.017,2,True,4200323,62.017
74,경포해변,128.9052469,37.8044484,4201242,4.999,2,True,4201420,3.285
75,경포현대A,128.903352,37.801251,,,0,False,4200071,5.023
76,경포현대아파트,128.9033207,37.8017505,4200070,8.085,2,True,4200070,8.085
77,고용센터,128.8891635,37.7572334,4200115,12.623,2,True,4200115,12.623
78,고용센터,128.8889419,37.7574697,4200114,3.338,2,True,4200114,3.338
79,공군비행장입구,128.9299927,37.7401378,,,0,False,4201186,9.944
80,공단,128.9219976,37.7653409,4201209,16.818,2,True,4201209,16.818
81,공제마을,128.8715634,37.7461193,4201025,4.332,2,True,4201025,4.332
82,공제마을,128.8715311,37.7464022,4201026,5.53,2,True,4201026,5.53
83,과학단지,128.8608387,37.7971185,,,0,False,4200229,4.17
84,과학단지,128.8603419,37.7975379,,,0,False,4200138,9.95
85,관솔길,128.8698083,37.7395772,4201228,9.121,2,True,4201228,9.121
86,교동2동주민센터,128.8921012,37.7683824,,,0,False,4200569,2.336
87,교동부영2차아파트,128.883858,37.7687708,,,0,False,4200566,95.115
88,교동주유소,128.8838336,37.7556595,4200119,9.129,2,True,4200119,9.129
89,교동철교,128.8946996,37.7587021,4201037,6.637,1,True,4201037,6.637
90,교동한신아파트,128.9006427,37.7676705,4200622,5.184,2,True,4200622,5.184
91,교보생명,128.8980715,37.7560013,4200253,3.743,1,False,4200253,3.743
92,교보생명,128.8976572,37.7557707,4200253,47.609,1,False,4200253,47.609
93,구)동해상사,128.9116499,37.7668438,4200264,0.709,1,True,4200264,0.709
94,구름다리,128.877393,37.76474,4200128,7.288,2,True,4200128,7.288
95,구름다리,128.8765826,37.7645055,4200127,3.167,2,True,4200127,3.167
96,구터미널,128.8988309,37.761664,4200315,3.916,1,True,4200315,3.916
97,군기청작정터,128.8929491,37.7524208,,,0,False,4200853,101.677
98,금호어울림,128.9158274,37.7550894,4201054,12.534,2,True,4201054,12.534
99,금호어울림,128.915569,37.7550746,4201053,11.379,2,True,4201053,11.379
100,금호어울림정문,128.9194378,37.7547908,4200025,8.358,2,True,4200025,8.358
101,금호어울림정문,128.9195266,37.7545404,4200751,8.773,2,True,4200751,8.773
102,기산아파트,128.8799555,37.73428,4200802,6.299,2,True,4200802,6.299
103,기산아파트,128.8795448,37.7340005,4200801,8.34,2,True,4200801,8.34
104,남강초교,128.9132729,37.7673743,4200049,9.798,1,True,4200049,9.798
105,남대천,128.9011977,37.7540966,,,0,False,4201199,14.539
106,남대천교,128.9009641,37.7546077,,,0,False,4201198,7.926
107,남산교차로,128.897389,37.7493728,,,0,False,4200795,8.837
108,남산입구,128.8919874,37.747765,4200798,7.835,1,True,4200798,7.835
109,남산초교,128.8913146,37.7442496,4200783,5.316,2,False,4200783,5.316
110,남산현대아파트,128.8944403,37.74206,4200786,3.831,2,True,4200786,3.831
111,남항진,128.9541037,37.7637981,4200741,311.514,2,False,4200739,43.363
112,남항진해변,128.950571,37.7642042,4200739,335.902,1,False,4200740,22.537
113,남항진해변,128.9543539,37.7641875,4200739,9.392,1,True,4200739,9.392
114,내곡교,128.8865204,37.7463085,4200066,8.699,3,True,4200066,8.699
115,내곡교,128.8871109,37.7465677,4200001,6.527,3,True,4200001,6.527
116,내곡교,128.8881701,37.7455962,4200357,3.885,3,True,4200357,3.885
117,내곡동주민센터,128.8812031,37.7394012,4200800,114.75,2,True,4200800,114.75
118,내곡한라아파트,128.8811715,37.7450229,4201208,7.04,2,True,4201208,7.04
119,내곡한라아파트,128.8810361,37.7451548,4200366,6.244,2,True,4200366,6.244
120,내곡현대아파트,128.8834726,37.7455448,4200848,9.745,2,True,4200848,9.745
121,내곡현대아파트,128.8831852,37.7455934,4200849,8.644,2,True,4200849,8.644
122,노암대림아파트,128.8964911,37.744506,4200772,3.448,2,True,4200772,3.448
123,노암대림아파트,128.8966997,37.7444454,4200773,5.387,2,True,4200773,5.387
124,노암한라3차아파트,128.8946134,37.7419255,,,0,False,4200785,7.079
125,노암한라아파트,128.9030492,37.7440445,4200790,4.11,1,True,4200790,4.11
126,노암현대아파트,128.9064578,37.7504772,4201195,8.866,1,True,4201195,8.866
127,녹원아파트,128.9163696,37.75996,4200756,4.097,1,True,4200756,4.097
128,농산물도매시장,128.9176416,37.7381375,,,0,False,4200570,409.615
129,농협창고,128.8790531,37.7322638,4200804,5.742,2,True,4200804,5.742
130,늘푸른초당게이트볼장,128.9178626,37.7852245,,,0,False,4200100,29.419
131,단오문화관,128.8967674,37.7481241,4200768,2.244,1,True,4200768,2.244
132,대도호부관아,128.8923221,37.7516832,,,0,False,4200853,5.382
133,대림아파트삼거리,128.8967915,37.7427338,,,0,False,4200788,4.595
134,대림아파트삼거리,128.896803,37.7425323,,,0,False,4200787,7.46
135,대목아파트,128.9103862,37.7553143,4200764,7.729,1,True,4200764,7.729
136,더샵아파트,128.911665,37.7494282,4201055,27.547,2,False,4201055,27.547
137,더샵아파트,128.9118169,37.7492256,4201055,47.726,2,False,4201055,47.726
138,더샵후문,128.909172,37.7480278,,,0,False,4201192,4.857
139,덕원아파트,128.874819,37.7768237,,,0,False,4200088,4.192
140,동명중학교,128.9160892,37.7765807,4200105,1.228,2,True,4200105,1.228
141,동부A,128.9151853,37.784017,,,0,False,4200011,4.625
142,동부시장,128.9005201,37.7595314,,,0,False,4201038,86.546
143,동부시장입구,128.9011227,37.7582947,,,0,False,4200095,1.735
144,동인병원입구,128.9095572,37.7710927,4200109,9.82,2,True,4200109,9.82
145,동인병원입구,128.9095428,37.7712679,4200108,1.813,2,True,4200108,1.813
146,똑갑재,128.9083579,37.7438095,4200735,9.556,2,True,4200735,9.556
147,로얄아파트,128.9093227,37.7654556,,,0,False,4200262,0.907
148,명륜고교후문(왕편)시내방향,128.8956945,37.7617073,,,0,False,4200626,2.523
149,모안이서낭당,128.903337,37.783776,4201254,51.868,2,True,4201254,51.868
150,모안이서낭당,128.9026714,37.7836417,4201255,9.066,2,True,4201255,9.066
151,문성고등학교,128.8745752,37.7768885,4200089,10.982,2,True,4200089,10.982
152,문암정,128.9152503,37.7443214,4201191,9.831,2,True,4201191,9.831
153,문암정,128.9158759,37.7436383,4201190,17.244,2,True,4201190,17.244
154,미디어촌5단지,128.8676353,37.7537681,4200543,8.548,1,True,4200543,8.548
155,미디어촌A,128.865488,37.754475,,,0,False,4209992,95.096
156,반쟁이,128.9338405,37.7606134,4200745,9.968,1,True,4200745,9.968
157,방축거리,128.8836529,37.7733932,4200137,8.0,2,True,4200137,8.0
158,방축거리,128.8838748,37.7739729,4200136,10.922,2,True,4200136,10.922
159,법암4주공아파트,128.9165638,37.7617362,,,0,False,4201047,7.659
160,법암4주공아파트,128.9166646,37.7618942,,,0,False,4201048,4.946
161,"법원,검찰청",128.8732648,37.7853082,4200234,14.915,2,True,4200234,14.915
162,"법원,검찰청",128.8740028,37.7850712,4200235,5.592,2,True,4200235,5.592
163,병무청,128.908415,37.7481982,4201193,9.405,2,True,4201193,9.405
164,병무청앞,128.9073461,37.7496996,,,0,False,4201194,3.935
165,보건소,128.8829339,37.7439313,4200065,4.602,2,True,4200065,4.602
166,보건소,128.8822241,37.7436466,4200361,1.613,2,True,4200361,1.613
167,보리사,128.8978039,37.7363064,,,0,False,4200730,2.557
168,부영2차아파트,128.8828522,37.770218,4200134,7.317,2,True,4200134,7.317
169,부영2차아파트,128.8824844,37.7700246,4200135,2.523,2,True,4200135,2.523
170,부흥마을,128.9063481,37.7468926,4200791,2.279,2,True,4200791,2.279
171,분수공원,128.8742517,37.7635369,,,0,False,4200126,3.274
172,분수공원,128.8746114,37.7636927,,,0,False,4200125,2.61
173,사임당로,128.862699,37.7487801,,,0,False,4201023,402.644
174,사임당주유소,128.862379,37.7479126,,,0,False,4201023,353.435
175,삼계사입구,128.886992,37.7503895,,,0,False,4201031,4.095
176,삼계사입구,128.8868427,37.7503037,,,0,False,4201032,3.995
177,삼부은성APT,128.9187936,37.7701137,,,0,False,4200268,4.669
178,삼성디지털센터,128.8966869,37.7581712,4200365,6.656,2,True,4200365,6.656
179,삼우은성아파트,128.9196529,37.7702699,4200267,7.437,2,True,4200267,7.437
180,삼익아파트,128.8902342,37.7423354,4200054,5590.145,1,False,4200781,6.746
181,삼익아파트,128.9332661,37.7793832,4200054,11.369,1,True,4200054,11.369
182,삼창그린맨션,128.8874381,37.7447675,4200358,5.969,1,True,4200358,5.969
183,상공회의소앞,128.896558,37.771158,,,0,False,4200432,5.501
184,새싹,128.8691858,37.7616422,,,0,False,4201250,124.588
185,서부시장,128.8916692,37.7550312,,,0,False,4200249,12.064
186,서희스타힐스,128.8663652,37.7398628,,,0,False,4200843,11.498
187,선교장,128.8847996,37.785101,4200076,9.336,2,True,4200076,9.336
188,선교장,128.885348,37.7855169,4200075,6.838,2,True,4200075,6.838
189,선교장입구,128.8801769,37.7823002,4200237,8.538,2,True,4200237,8.538
190,선교장입구,128.8797419,37.7822068,4200236,4.843,2,True,4200236,4.843
191,선수촌아파트,128.8700663,37.7607737,,,0,False,4201250,4.314
192,선수촌아파트,128.8702611,37.763008,,,0,False,4200401,13.734
193,선수촌아파트,128.8699788,37.763011,,,0,False,4200400,17.017
194,섬석교,128.9483892,37.7377556,4201188,2366.029,2,False,4201070,12.369
195,성내동광장,128.894743,37.7508553,4200854,4.925,2,True,4200854,4.925
196,성덕초교,128.910172,37.75575,,,0,False,4200765,1.544
197,성동주민센터,128.915345,37.7629654,,,0,False,4201046,2.131
198,소방서,128.9022359,37.7614456,,,0,False,4200256,8.466
199,소방서,128.9030069,37.7610767,,,0,False,4200257,5.574
200,솔올중학교,128.8800151,37.7716447,4200060,12.57,1,True,4200060,12.57
201,송정,128.9347222,37.7761439,,,0,False,4200277,51.063
202,송정,128.9347504,37.7762828,,,0,False,4200277,65.005
203,송정,128.9381403,37.777714,,,0,False,4200280,3.763
204,송정노인회관,128.9313274,37.7751904,4200274,10.592,1,False,4200274,10.592
205,송정노인회관,128.9319862,37.7748547,4200274,58.243,1,False,4200273,8.408
206,송정동주민센터,128.9278018,37.7743405,4200272,6.28,2,True,4200272,6.28
207,송정래미안,128.9303885,37.7829604,4200052,3.847,2,True,4200052,3.847
208,송정한신아파트입구,128.9365767,37.7738815,4200275,11.848,2,True,4200275,11.848
209,송정한신아파트후문,128.9386038,37.7736194,4200263,6.784,2,True,4200263,6.784
210,송정해변,128.9372619,37.7798584,4201265,6.75,3,True,4201265,6.75
211,송정해변,128.936919,37.7799781,4201264,4.11,3,True,4201264,4.11
212,수리골,128.8950021,37.7803896,,,0,False,4200612,14.712
213,수리골,128.8952424,37.7803806,,,0,False,4200006,10.615
214,순두부마을,128.8930661,37.7865303,4201241,11.071,2,True,4201241,11.071
215,시립도서관,128.9125411,37.7731386,,,0,False,4200107,5.792
216,신도브레뉴,128.9385561,37.7773349,,,0,False,4200279,7.296
217,신석,128.9222401,37.7353398,4200068,12.786,2,False,4200068,12.786
218,신석회관,128.9220268,37.7334527,4200611,17.509,2,False,4200611,17.509
219,신신자동차학원,128.9280847,37.77423,,,0,False,4200271,7.051
220,신영극장제1승강장-복편,128.8964571,37.7547521,,,0,False,4200252,41.523
221,신영극장제2승강장-복편,128.8962429,37.7546193,,,0,False,4200252,18.19
222,신화건설,128.8873057,37.7401567,,,0,False,4200780,228.589
223,신화건설앞,128.8873832,37.7403717,,,0,False,4200780,246.479
224,신화아파트,128.8983072,37.7493768,4200796,3.511,2,True,4200796,3.511
225,심석교,128.9215166,37.7407087,,,0,False,4201189,5.326
226,심석교,128.9217688,37.7409585,,,0,False,4201188,7.596
227,안목,128.945285,37.7729008,4201043,5.651,1,True,4201043,5.651
228,안목커피거리,128.9454085,37.7726206,4201044,3.045,3,True,4201044,3.045
229,양우내안에아파트,128.9018955,37.751511,,,0,False,4201245,6.447
230,오리들마을,128.9372629,37.7444889,4201058,3.983,2,True,4201058,3.983
231,오성학교,128.9331081,37.7798446,4200053,6.961,1,True,4200053,6.961
232,오죽헌,128.880302,37.7794086,4200093,48.491,4,True,4200093,48.491
233,오죽헌,128.8797995,37.7788537,4200092,8.272,4,True,4200092,8.272
234,오죽헌,128.8826841,37.779894,4200238,6.932,4,True,4200238,6.932
235,오죽헌,128.8824544,37.7804746,4200239,8.035,4,True,4200239,8.035
236,올림픽파크,128.897149,37.7765319,,,0,False,4200430,14.72
237,옹기정마을,128.8788677,37.7323122,,,0,False,4200803,4.529
238,용강동-강릉초교,128.8913528,37.7543604,,,0,False,4201036,9.428
239,용강동서부시장,128.891727,37.7557669,4200250,12.192,2,True,4200250,12.192
240,용지각,128.9052752,37.7614889,4200258,6.487,2,True,4200258,6.487
241,용지각,128.9053335,37.7617936,4200259,6.521,2,True,4200259,6.521
242,우미린아파트,128.8702161,37.7571129,4200565,5.988,2,True,4200565,5.988
243,우편집중국,128.8734064,37.7605522,4200123,5.193,2,True,4200123,5.193
244,우편집중국,128.873476,37.761614,4200124,5.45,2,True,4200124,5.45
245,운산노인회관,128.9367993,37.7324943,4200601,42.765,2,False,4200601,42.765
246,운산노인회관,128.9368336,37.7329498,4200601,8.084,2,False,4200601,8.084
247,운정동,128.8931982,37.7868329,,,0,False,4201240,12.365
248,원마트,128.9184099,37.7602447,4201049,4.806,4,True,4201049,4.806
249,월호평동,128.9364116,37.7375484,4201059,1648.554,1,False,4201183,5.955
250,월호평동,128.9490416,37.7486933,4201059,11.429,1,True,4201059,11.429
251,유산동,128.9119074,37.735956,,,0,False,4200677,6.179
252,유산동,128.9098515,37.7400566,,,0,False,4200679,6.815
253,유천동,128.8614627,37.766516,4200555,6.683,1,True,4200555,6.683
254,유천초등학교,128.8703361,37.7606108,,,0,False,4201249,3.882
255,율곡중,128.8887906,37.7693248,,,0,False,4200363,6.975
256,율곡중학교,128.890243,37.7718903,4200242,3.132,2,True,4200242,3.132
257,율곡중학교,128.8903365,37.7722457,4200243,8.52,2,True,4200243,8.52
258,율곡초교,128.8821618,37.7651253,,,0,False,4200132,5.422
259,은마아파트,128.8968036,37.7462906,4200771,28.011,2,True,4200771,28.011
260,은마아파트,128.8970015,37.7473097,4200770,4.317,2,True,4200770,4.317
261,은행나무한의원,128.8981154,37.7540942,,,0,False,4200252,179.459
262,이마트,128.9233174,37.7722039,4200269,13.339,2,True,4200269,13.339
263,이마트,128.9228612,37.7721902,4200270,3.8,2,True,4200270,3.8
264,이화해변아파트,128.9174294,37.7832301,,,0,False,4200043,7.279
265,임압6주공아파트,128.9199573,37.759259,,,0,False,4200754,13.089
266,입암1주공아파트,128.9059838,37.754636,4200767,6.923,2,True,4200767,6.923
267,입암1주공아파트,128.906195,37.7550569,4200766,4.954,2,True,4200766,4.954
268,입암2주공,128.9166486,37.7651164,,,0,False,4201206,20.717
269,입암3주공,128.9161896,37.7650793,,,0,False,4201205,0.855
270,입암5주공아파트,128.9147056,37.759945,4200757,5.066,1,True,4200757,5.066
271,입암6주공아파트,128.9181249,37.7594487,4200755,168.371,2,False,4201051,8.371
272,입암현대아파트,128.9122635,37.7532018,4200763,10.194,2,True,4200763,10.194
273,입암현대아파트,128.9126821,37.7530455,4200762,2.79,2,True,4200762,2.79
274,자동차백화점,128.899717,37.7500634,,,0,False,4200794,7.685
275,자루뫼,128.9390806,37.7623249,4200742,7.555,2,True,4200742,7.555
276,잠수교,128.899476,37.750088,4200793,4.174,2,True,4200793,4.174
277,적십자입구,128.88714,37.757224,4200116,11.231,2,True,4200116,11.231
278,적십자입구,128.886457,37.7568213,4200117,6.25,2,True,4200117,6.25
279,제일고,128.8919882,37.7590745,,,0,False,4200248,3.055
280,젤마을,128.8877733,37.7754682,4200240,4.848,1,True,4200240,4.848
281,종합경기장,128.8967195,37.7713876,4200433,15.123,2,True,4200433,15.123
282,종합경기장,128.895504,37.773276,4200433,250.004,2,False,4200433,250.004
283,종합경기장입구,128.8974323,37.7705655,4200544,4.374,1,True,4200544,4.374
284,주공1차아파트,128.882951,37.7666753,4200133,5.988,2,True,4200133,5.988
285,주공1차아파트,128.8825241,37.7668317,4200292,4.052,2,True,4200292,4.052
286,주공2차아파트,128.885141,37.768483,4200530,16.903,2,True,4200530,16.903
287,주공3차아파트,128.8793066,37.7641219,4200129,3.331,1,True,4200129,3.331
288,주길,128.8680453,37.7581398,4200567,27.621,1,False,4200568,5.734
289,주길,128.8681892,37.7579143,4200567,4.084,1,False,4200567,4.084
290,중부지구대,128.9017266,37.7636898,,,0,False,4200319,12.272
291,중부지구대,128.9015555,37.7638203,,,0,False,4200320,2.628
292,중부지방고용노동청,128.8888613,37.7488521,,,0,False,4200850,5.896
293,중앙석재,128.8880823,37.7754455,,,0,False,4200241,7.262
294,중앙초교,128.9220561,37.7573598,4200753,6.6,2,True,4200753,6.6
295,중앙초교,128.9223687,37.7573659,4200752,2.944,2,True,4200752,2.944
296,지변동,128.8768209,37.7718897,4200083,5.577,1,True,4200083,5.577
297,차돌광,128.9267717,37.7592404,4200748,2.195,2,True,4200748,2.195
298,철길건널목앞,128.9484716,37.7376012,4201071,3.955,2,False,4201071,3.955
299,청량동삼거리,128.9198256,37.7478998,,,0,False,4201191,573.607
300,청량동종점,128.921453,37.7495261,,,0,False,4200751,572.794
301,초당,128.9153733,37.7911731,,,0,False,4200616,8.003
302,초당분수공원,128.9221724,37.7860435,4201233,5.957,2,False,4201233,5.957
303,초당분수공원,128.922626,37.78637,4201233,59.481,2,False,4201233,59.481
304,초당분수공원,128.9242294,37.78618,4201234,4.219,2,True,4201234,4.219
305,초당한솔순두부,128.914659,37.7886191,,,0,False,4200287,9.615
306,카톨릭관동대북문,128.8721514,37.7376562,,,0,False,4200050,5.07
307,카톨릭관동대학교,128.8654215,37.7395369,,,0,False,4200842,4.782
308,택시,128.9108956,37.7550553,,,0,False,4200764,50.9
309,평안의집,128.9050825,37.7406706,4200733,4.206,2,False,4200733,4.206
310,포남2주공입구,128.9180449,37.779143,4201220,15.034,2,True,4201220,15.034
311,포남2주공입구,128.9182033,37.7788706,4201236,17.643,2,True,4201236,17.643
312,포남동,128.9076666,37.7639281,,,0,False,4200318,0.787
313,포남동,128.9087843,37.7647,,,0,False,4200260,7.058
314,포남동,128.9020376,37.7705042,,,0,False,4201221,3.958
315,포남동주민센터,128.9086638,37.7682293,,,0,False,4200113,2.922
316,포남동주민센터,128.9084833,37.7680884,,,0,False,4200112,10.361
317,풋살경기장,128.8768578,37.7716712,,,0,False,4200084,5.029
318,하나금융투자,128.8940871,37.7535247,4200251,4.704,1,True,4200251,4.704
319,하슬라중학교,128.9071492,37.7705766,,,0,False,4200110,4.799
320,하슬라중학교,128.9075901,37.7704668,,,0,False,4200111,4.421
321,하시동입구,128.9408246,37.7363309,4201181,17.908,2,True,4201181,17.908
322,학고개,128.8598877,37.805997,4200228,4.419,2,False,4200228,4.419
323,학고개,128.860185,37.805597,4200228,47.22,2,False,4200228,47.22
324,학고개,128.861001,37.804633,4200227,12.053,2,True,4200227,12.053
325,학우리,128.9336801,37.7608336,4200744,8.636,1,True,4200744,8.636
326,한국폴리텍대학,128.8887827,37.7385047,4200780,21.107,1,True,4200780,21.107
327,한들어린이집,128.86495,37.7916765,,,0,False,4200231,7.351
328,한밭,128.8642082,37.7918057,,,0,False,4200230,5.672
329,한솔초교,128.9145142,37.7750873,4200290,10.056,2,True,4200290,10.056
330,한솔초교,128.9141578,37.7750759,4200289,4.874,2,True,4200289,4.874
331,한신아파트,128.9365793,37.7740936,,,0,False,4200276,11.577
332,한신아파트후문,128.9394671,37.773665,,,0,False,4201386,14.965
333,한옥마을,128.8775533,37.777084,4200090,3.064,2,True,4200090,3.064
334,해당화연립,128.934978,37.7790025,4200055,5.358,2,True,4200055,5.358
335,해당화연립,128.9356,37.778581,4200056,5.356,2,True,4200056,5.356
336,해운정,128.8896041,37.7858047,4200074,5.412,2,True,4200074,5.412
337,핸들,128.9304687,37.7599996,4200746,5.319,2,True,4200746,5.319
338,행정마을,128.8694627,37.788902,4200232,2.976,2,True,4200232,2.976
339,행정마을,128.8703912,37.7886923,4200233,11.584,2,True,4200233,11.584
340,허균.허난설헌기념공원,128.9097196,37.7899454,4201258,10.63,4,True,4201258,10.63
341,허균.허난설헌기념공원,128.9095036,37.7894548,4201259,4.051,4,True,4201259,4.051
342,허균생가,128.9128722,37.7879243,,,0,False,4200041,8.286
343,허난설헌삼거리,128.9132802,37.7922852,4200647,5.118,2,False,4200647,5.118
344,허난설헌삼거리,128.9133599,37.7921094,4200647,16.695,2,False,4200647,16.695
345,현대아파트,128.8799553,37.7643278,,,0,False,4200130,3.885
346,현대하이빌아파트,128.8825181,37.7648656,,,0,False,4200131,5.576
347,형제막국수,128.8658251,37.7553571,4209992,7.16,2,True,4209992,7.16
348,혜성연립,128.9154171,37.7685235,4200266,2.081,2,True,4200266,2.081
349,혜성연립,128.9156663,37.7684457,4200265,8.841,2,True,4200265,8.841
350,홈플러스,128.8983594,37.7558806,,,0,False,4200253,25.403
351,홍제2교(미정차)(버스정류장),128.8672667,37.7457833,,,0,False,4201024,72.947
352,홍제동,128.8794156,37.747378,,,0,False,4201028,0.741
353,홍제동,128.8789102,37.7475451,,,0,False,4201029,6.202
354,홍제동주민센터,128.8842382,37.7478929,4200067,5.109,2,True,4200067,5.109
355,홍제동주민센터,128.884529,37.7481031,4201030,3.708,2,True,4201030,3.708
356,화부산(용편),128.8976885,37.7643377,,,0,False,4200624,7.267
357,회산교,128.8693197,37.7418135,4200844,5.728,2,True,4200844,5.728
358,회산주공,128.8794065,37.7446422,,,0,False,4200846,5.64
359,회산주공2단지,128.8754894,37.7436196,4200758,3.211,2,True,4200758,3.211
360,회산주공2단지,128.8764235,37.7437541,4200062,10.788,2,True,4200062,10.788
