year,route_id,route_name_current,company_name_current,route_in_current_bis,identified_stop_count,ride_total,goff_total,unknown_stop_ride,unknown_stop_goff,top_ride_stop_ids,top_ride_stop_names,top_ride_count_each,top_goff_stop_ids,top_goff_stop_names,top_goff_count_each,period_start,period_end,days_supplied,route_name_source_2025,days_with_record
2025,42001001,200,강릉-동진버스,True,63,6294,2863,0,0,4200252,신영극장,996,4200252,신영극장,568,2025-05-27,2025-06-03,8,안목-안목커피거리,8
2025,42001002,202,강릉-동진버스,True,43,5646,3411,0,0,4200253,교보생명,1031,4200253,교보생명,696,2025-05-27,2025-06-03,8,경포해변-경포해변,8
2025,42001003,206,강릉-동진버스,True,62,9193,4336,0,0,4200253,교보생명,1245,4200252,신영극장,786,2025-05-27,2025-06-03,8,강릉고등학교-강릉고정문,8
2025,42001004,207,강릉-동진버스,True,69,4960,2540,0,0,4200253,교보생명,588,4200252,신영극장,479,2025-05-27,2025-06-03,8,허균.허난설헌기-허균.허난설헌기,8
2025,42001005,300,강릉-동진버스,True,55,13094,6333,0,0,4200253,교보생명,3856,4200253,교보생명,1103,2025-05-27,2025-06-03,8,공단-향호리,8
2025,42001007,302,강릉-동진버스,True,67,2251,1040,0,0,4200253,교보생명,425,4200253,교보생명,129,2025-05-27,2025-06-03,8,공단-향호리,8
2025,42001012,315,강릉-동진버스,True,85,663,268,0,0,4200063,가톨릭관동대학교,61,4200229,즈므.과학단지,29,2025-05-27,2025-06-03,8,가톨릭관동대학교-가톨릭관동대학교,5
2025,42002001,101,강릉-동진버스,True,67,1277,609,0,0,4201199,남대천.강릉교,290,4201198,남대천.강릉교,202,2025-05-27,2025-06-03,8,공단-공단,8
2025,42002003,103,강릉-동진버스,True,57,1241,449,0,0,4201199,남대천.강릉교,387,4201198,남대천.강릉교,146,2025-05-27,2025-06-03,8,차고지대기(미정-차고지대기(미정,8
2025,42002004,104,강릉-동진버스,True,50,349,170,0,0,4200359,하나로마트내곡점,74,4200252,신영극장,76,2025-05-27,2025-06-03,8,안목-안목커피거리,8
2025,42002005,104-1,강릉-동진버스,True,75,1244,521,0,0,4200253,교보생명,200,4200253,교보생명,144,2025-05-27,2025-06-03,8,안목-안목커피거리,8
2025,42002006,104-2,강릉-동진버스,True,74,1194,481,0,0,4200253,교보생명,192,4200252,신영극장,107,2025-05-27,2025-06-03,8,안목-안목커피거리,8
2025,42002010,110,강릉-동진버스,True,20,1085,297,0,0,4202022,옥계현내시장,424,4201198,남대천.강릉교,116,2025-05-27,2025-06-03,8,강릉역건너편-강릉역,8
2025,42002013,112,강릉-동진버스,True,67,2139,1148,0,0,4201199,남대천.강릉교,573,4201198,남대천.강릉교,366,2025-05-27,2025-06-03,8,차고지대기(미정-차고지대기(미정,8
2025,42002014,113,강릉-동진버스,True,63,2152,1113,0,0,4201199,남대천.강릉교,522,4200253,교보생명,211,2025-05-27,2025-06-03,8,강릉역건너편-강릉역,8
2025,42002026,205,강릉-동진버스,True,22,165,48,0,0,4200245 | 4200356,이명사거리 | 강원대학교,33,4200252,신영극장,23,2025-05-27,2025-06-03,8,공단-공단,5
2025,42002030,211,강릉-동진버스,True,55,832,319,0,0,4200252,신영극장,164,4200253,교보생명,70,2025-05-27,2025-06-03,8,안목-안목커피거리,8
2025,42002035,222,강릉-동진버스,True,52,4207,2084,0,0,4200063,가톨릭관동대학교,659,4200253,교보생명,443,2025-05-27,2025-06-03,8,안목-안목커피거리,8
2025,42002036,223,강릉-동진버스,True,28,6597,3086,0,0,4200253,교보생명,1366,4200253,교보생명,908,2025-05-27,2025-06-03,8,안목-가톨릭관동대학교,8
2025,42002037,224,강릉-동진버스,True,40,221,15,0,0,4200288,경포고교,44,4200103,경포고교,3,2025-05-27,2025-06-03,8,안목-안목커피거리,5
2025,42002038,227,강릉-동진버스,True,58,11098,4867,0,0,4200253,교보생명,1329,4200252,신영극장,955,2025-05-27,2025-06-03,8,남항진해변-남항진해변,8
2025,42002040,228,강릉-동진버스,True,43,5411,2499,0,0,4200543,미디어촌5단지,751,4200252,신영극장,520,2025-05-27,2025-06-03,8,남항진해변-남항진해변,8
2025,42002042,230,강릉-동진버스,True,55,1263,624,0,0,4200252,신영극장,210,4200252,신영극장,191,2025-05-27,2025-06-03,8,강문해변-강문해변,8
2025,42002043,230-1,강릉-동진버스,True,60,2788,1289,0,0,4200253,교보생명,319,4200252,신영극장,295,2025-05-27,2025-06-03,8,강문해변-강문해변,8
2025,42002072,202-1,강릉-동진버스,True,43,6294,4038,0,0,4200252,신영극장,1348,4200252,신영극장,923,2025-05-27,2025-06-03,8,경포해변-경포해변,8
2025,42002078,211-1,강릉-동진버스,True,55,894,431,0,0,4200252,신영극장,139,4200252,신영극장,96,2025-05-27,2025-06-03,8,안목-안목커피거리,8
2025,42002080,,,False,14,79,10,0,0,4200762,입암현대아파트,21,4200088,문성고등학교,5,2025-05-27,2025-06-03,8,공단-문성고등학교,5
2025,42002083,,,False,13,61,1,0,0,4200543,미디어촌5단지,15,4200111,하슬라중,1,2025-05-27,2025-06-03,8,선수촌8단지-강릉고정문,2
2025,42002084,224-1,강릉-동진버스,True,19,101,30,0,0,4201043,안목,34,4200751,금호어울림정문,10,2025-05-27,2025-06-03,8,안목-안목커피거리,5
2025,42002085,220,강릉-동진버스,True,64,9807,4192,0,0,4200252,신영극장,1394,4200252,신영극장,902,2025-05-27,2025-06-03,8,안목-안목커피거리,8
2025,42002086,225,강릉-동진버스,True,40,224,128,0,0,4200253,교보생명,59,4200253,교보생명,18,2025-05-27,2025-06-03,8,안목-회산종점,2
2025,42002087,225-1,강릉-동진버스,True,32,135,69,0,0,4200121,강릉시외.고속터미널,27,4200252,신영극장,25,2025-05-27,2025-06-03,8,회산종점-안목커피거리,2
2025,42002089,223-1,강릉-동진버스,True,28,7860,4262,0,0,4200252,신영극장,2328,4200252,신영극장,1356,2025-05-27,2025-06-03,8,가톨릭관동대학교-안목커피거리,8
2025,42002090,300-2,강릉-동진버스,True,51,12491,6390,0,0,4200252,신영극장,969,4200252,신영극장,2621,2025-05-27,2025-06-03,8,향호리-공단,8
2025,42002091,302-2,강릉-동진버스,True,65,2582,1259,0,0,4200252,신영극장,341,4200252,신영극장,454,2025-05-27,2025-06-03,8,향호리-공단,8
2025,42002092,314,강릉-동진버스,True,53,1231,638,0,0,4200253,교보생명,271,4200253,교보생명,119,2025-05-27,2025-06-03,8,공단-향호리,8
2025,42002094,314-2,강릉-동진버스,True,53,1161,604,0,0,4200121,강릉시외.고속터미널,162,4200252,신영극장,198,2025-05-27,2025-06-03,8,향호리-공단,8
2025,42002096,202-2,강릉-동진버스,True,36,491,208,0,0,4200252,신영극장,129,4201242,경포해변,58,2025-05-27,2025-06-03,8,경포해변-경포해변,8
2025,42002104,234,강릉-동진버스,True,16,142,33,0,0,4201250,선수촌8단지,30,4200252,신영극장,11,2025-05-27,2025-06-03,8,강릉역-강릉역,5
2025,42002107,921,강릉-동진버스,True,50,421,290,0,0,4200354,연곡면사무소,170,4200354,연곡면사무소,205,2025-05-27,2025-06-03,8,연곡면사무소-연곡면사무소,8
2025,42002109,922,강릉-동진버스,True,43,426,269,0,0,4200354,연곡면사무소,209,4200354,연곡면사무소,178,2025-05-27,2025-06-03,8,연곡면사무소-연곡면사무소,8
2025,42002110,923,강릉-동진버스,True,11,57,34,0,0,4200354,연곡면사무소,26,4200354,연곡면사무소,24,2025-05-27,2025-06-03,8,연곡면사무소-연곡면사무소,8
2025,42002112,911,강릉-동진버스,True,19,106,63,0,0,4200196,작은다리,25,4200184,소돌,20,2025-05-27,2025-06-03,8,주문진시외버스터-주문진시외버스터,8
2025,42002113,912,강릉-동진버스,True,17,392,214,0,0,4200448,주문진시외버스터미널,128,4200448,주문진시외버스터미널,162,2025-05-27,2025-06-03,8,주문진시외버스터-주문진시외버스터,8
2025,42002114,941,강릉-동진버스,True,34,293,129,0,0,4200253,교보생명,110,4200252,신영극장,44,2025-05-27,2025-06-03,8,KTX공영주차장-KTX공영주차장,8
2025,42002115,941-1,강릉-동진버스,True,37,205,124,0,0,4200253,교보생명,92,4200252,신영극장,49,2025-05-27,2025-06-03,8,KTX공영주차장-KTX공영주차장,8
2025,42002116,942,강릉-동진버스,True,25,243,101,0,0,4200253,교보생명,89,4200252,신영극장,64,2025-05-27,2025-06-03,8,KTX공영주차장-KTX공영주차장,8
2025,42002117,944,강릉-동진버스,True,19,290,69,0,0,4200253,교보생명,104,4200252,신영극장,32,2025-05-27,2025-06-03,8,KTX공영주차장-KTX공영주차장,8
2025,42002118,945,강릉-동진버스,True,13,109,36,0,0,4200253,교보생명,50,4200252,신영극장,15,2025-05-27,2025-06-03,8,KTX공영주차장-KTX공영주차장,8
2025,42002119,946,강릉-동진버스,True,12,76,23,0,0,4200253,교보생명,23,4200252,신영극장,13,2025-05-27,2025-06-03,8,KTX공영주차장-KTX공영주차장,8
2025,42002120,947,강릉-동진버스,True,11,46,15,0,0,4200253,교보생명,12,4200252,신영극장,10,2025-05-27,2025-06-03,8,KTX공영주차장-KTX공영주차장,8
2025,42002121,952,강릉-동진버스,True,17,220,81,0,0,4201199,남대천.강릉교,54,4201198,남대천.강릉교,61,2025-05-27,2025-06-03,8,남대천.강릉교-남대천.강릉교,8
2025,42002123,953,강릉-동진버스,True,26,375,99,0,0,4201199,남대천.강릉교,86,4201198,남대천.강릉교,67,2025-05-27,2025-06-03,8,남대천.강릉교-남대천.강릉교,8
2025,42002124,954,강릉-동진버스,True,10,206,52,0,0,4200028,하시동3리마을회관,57,4201198,남대천.강릉교,29,2025-05-27,2025-06-03,8,남대천.강릉교-남대천.강릉교,8
2025,42002125,955,강릉-동진버스,True,20,267,83,0,0,4201199,남대천.강릉교,69,4201198,남대천.강릉교,49,2025-05-27,2025-06-03,8,남대천.강릉교-남대천.강릉교,8
2025,42002127,956-1,강릉-동진버스,True,8,22,14,0,0,4200005 | 4202032,강동무료주차장 | 옥계현내시장,6,4200019,강동무료주차장,9,2025-05-27,2025-06-03,8,강동무료주차장-강동무료주차장,8
2025,42002128,957,강릉-동진버스,True,8,36,20,0,0,4200005,강동무료주차장,10,4200019,강동무료주차장,15,2025-05-27,2025-06-03,8,강동무료주차장-강동무료주차장,8
2025,42002130,958,강릉-동진버스,True,23,477,307,0,0,4201111,심곡,252,4201121,모래시계공원,92,2025-05-27,2025-06-03,8,강동무료주차장-강동무료주차장,8
2025,42002131,504-1,강릉-동진버스,True,61,12043,6186,0,0,4200252,신영극장,1476,4200253,교보생명,1482,2025-05-27,2025-06-03,8,안목-안목커피거리,8
2025,42002132,504-2,강릉-동진버스,True,20,184,41,0,0,4200288,경포고교,84,4201030,홍제동주민센터,16,2025-05-27,2025-06-03,8,경포고교-성산,5
2025,42002133,951,강릉-동진버스,True,17,328,104,0,0,4201198,남대천.강릉교,82,4201198,남대천.강릉교,70,2025-05-27,2025-06-03,8,남대천.강릉교-남대천.강릉교,8
2025,42002135,941-2,강릉-동진버스,True,27,164,80,0,0,4200253,교보생명,63,4200252,신영극장,46,2025-05-27,2025-06-03,8,KTX공영주차장-KTX공영주차장,8
2025,42002136,943,강릉-동진버스,True,20,133,55,0,0,4200253,교보생명,55,4200252,신영극장,27,2025-05-27,2025-06-03,8,KTX공영주차장-KTX공영주차장,8
2025,42002137,943-1,강릉-동진버스,True,16,190,64,0,0,4200253,교보생명,102,4200252,신영극장,32,2025-05-27,2025-06-03,8,KTX공영주차장-KTX공영주차장,8
2025,42002138,943-2,강릉-동진버스,True,12,44,15,0,0,4200373,송암리노인복지회관,15,4200252,신영극장,9,2025-05-27,2025-06-03,8,우미린아파트-KTX공영주차장,7
2025,42002139,944-1,강릉-동진버스,True,19,109,41,0,0,4200253,교보생명,40,4201008,성산면사무소,20,2025-05-27,2025-06-03,8,KTX공영주차장-KTX공영주차장,8
2025,42002141,시티1,강릉-동진버스,True,65,1908,1558,0,0,4201275,주문진수산시장,147,4200244,안목커피거리,238,2025-05-27,2025-06-03,8,안목커피거리-안목커피거리,8
2025,42002142,924,강릉-동진버스,True,2,5,3,0,0,4200450,연곡해변,3,4200212,연곡면사무소,3,2025-05-27,2025-06-03,8,연곡면사무소-연곡면사무소,4
2025,42002143,945-1,강릉-동진버스,True,17,114,46,0,0,4200253,교보생명,54,4200252,신영극장,15,2025-05-27,2025-06-03,8,KTX공영주차장-KTX공영주차장,8
2025,42002144,206-1,강릉-동진버스,True,62,994,491,0,0,4200253,교보생명,149,4200252,신영극장,89,2025-05-27,2025-06-03,8,강릉고등학교-강릉고정문,8
2025,42002145,913,강릉-동진버스,True,10,99,55,0,0,4200520,우신아파트,76,4200194,주문진항입구,23,2025-05-27,2025-06-03,8,주문진시외버스터-주문진시외버스터,8
2025,42002146,971,강릉-동진버스,True,12,19,6,0,0,4200709,학산2리마을회관,6,4200814,구정면사무소,3,2025-05-27,2025-06-03,8,덕현리마을회관-덕현리마을회관,5
2025,42002147,965,강릉-동진버스,True,3,3,1,0,0,4201197,강릉중입구,2,4202032,옥계현내시장,1,2025-05-27,2025-06-03,8,강릉역건너편-옥계현내시장,2
2025,42002151,212,강릉-동진버스,True,38,443,244,0,0,4200721,강릉역,58,4200253,교보생명,42,2025-05-27,2025-06-03,8,안목-안목커피거리,8
2025,42002152,212-1,강릉-동진버스,True,41,417,283,0,0,4200121,강릉시외.고속터미널,106,4200252,신영극장,64,2025-05-27,2025-06-03,8,안목-안목커피거리,8
2025,42091001,200,강릉-동해상사,True,63,4182,1882,0,0,4200252,신영극장,721,4200252,신영극장,371,2025-05-27,2025-06-03,8,안목-안목커피거리,8
2025,42091002,202,강릉-동해상사,True,42,2786,1652,0,0,4200253,교보생명,524,4200253,교보생명,334,2025-05-27,2025-06-03,8,경포해변-경포해변,8
2025,42091003,206,강릉-동해상사,True,62,5397,2441,0,0,4200253,교보생명,773,4200252,신영극장,539,2025-05-27,2025-06-03,8,강릉고등학교-강릉고정문,8
2025,42091004,207,강릉-동해상사,True,69,2938,1429,0,0,4200253,교보생명,370,4200252,신영극장,287,2025-05-27,2025-06-03,8,허균.허난설헌기-허균.허난설헌기,8
2025,42091005,300,강릉-동해상사,True,62,17376,8861,0,0,4200253,교보생명,3618,4200253,교보생명,2139,2025-05-27,2025-06-03,8,안목-향호리,8
2025,42091007,302,강릉-동해상사,True,68,1539,738,0,0,4200253,교보생명,165,4200253,교보생명,121,2025-05-27,2025-06-03,8,안목-향호리,8
2025,42091012,315,강릉-동해상사,True,86,616,285,0,0,4200063,가톨릭관동대학교,61,4200121,강릉시외.고속터미널,22,2025-05-27,2025-06-03,8,가톨릭관동대학교-가톨릭관동대학교,7
2025,42091015,225,강릉-동해상사,True,38,292,153,0,0,4200253,교보생명,61,4200253,교보생명,33,2025-05-27,2025-06-03,8,안목-회산종점,3
2025,42091016,225-1,강릉-동해상사,True,31,207,116,0,0,4200252,신영극장,54,4200252,신영극장,37,2025-05-27,2025-06-03,8,회산종점-안목커피거리,3
2025,42091017,961-1,강릉-동해상사,True,3,9,1,0,0,4201096,한라아파트,6,4202022,옥계현내시장,1,2025-05-27,2025-06-03,8,옥계현내시장-노봉차고지(미정,7
2025,42091018,962-1,강릉-동해상사,True,5,10,2,0,0,4202022,옥계현내시장,6,4202002 | 4202022,현내1리연탄직매장 | 옥계현내시장,1,2025-05-27,2025-06-03,8,산계리종점-옥계현내시장,5
2025,42092072,202-1,강릉-동해상사,True,43,3281,2023,0,0,4200252,신영극장,599,4200252,신영극장,530,2025-05-27,2025-06-03,8,경포해변-경포해변,8
2025,42092075,,,False,15,94,2,0,0,4200543,미디어촌5단지,24,4200109,동인병원입구,2,2025-05-27,2025-06-03,8,선수촌8단지-강릉고정문,3
2025,42092076,300-1,강릉-동해상사,True,57,14655,7230,0,0,4200252,신영극장,2470,4200252,신영극장,2359,2025-05-27,2025-06-03,8,향호리-안목커피거리,8
2025,42092077,302-1,강릉-동해상사,True,61,1174,604,0,0,4200121,강릉시외.고속터미널,116,4200252,신영극장,224,2025-05-27,2025-06-03,8,향호리-안목커피거리,8
2025,42092092,314,강릉-동해상사,True,61,2606,1402,0,0,4200253,교보생명,450,4200253,교보생명,311,2025-05-27,2025-06-03,8,안목-향호리,8
2025,42092094,314-1,강릉-동해상사,True,60,2550,1370,0,0,4200252,신영극장,382,4200252,신영극장,357,2025-05-27,2025-06-03,8,향호리-안목커피거리,8
2025,42092096,202-2,강릉-동해상사,True,31,178,111,0,0,4200721,강릉역,28,4201242,경포해변,24,2025-05-27,2025-06-03,8,경포해변-경포해변,8
2025,42092099,961,강릉-동해상사,True,20,193,32,0,0,4202032,옥계현내시장,86,4202022,옥계현내시장,23,2025-05-27,2025-06-03,8,옥계현내시장-옥계현내시장,8
2025,42092100,962,강릉-동해상사,True,15,104,19,0,0,4202032,옥계현내시장,42,4202022,옥계현내시장,9,2025-05-27,2025-06-03,8,옥계현내시장-옥계현내시장,8
2025,42092101,963,강릉-동해상사,True,16,132,24,0,0,4202022,옥계현내시장,54,4202032,옥계현내시장,20,2025-05-27,2025-06-03,8,옥계현내시장-옥계현내시장,8
2025,42092102,964,강릉-동해상사,True,12,116,31,0,0,4202022,옥계현내시장,47,4202032,옥계현내시장,21,2025-05-27,2025-06-03,8,옥계현내시장-옥계현내시장,8
2025,42092103,,,False,9,51,7,0,0,4200543,미디어촌5단지,21,4200293,강릉역건너편,6,2025-05-27,2025-06-03,8,강릉역건너편-강릉역건너편,5
2025,42092105,931,강릉-동해상사,True,27,174,85,0,0,4200222,사천면사무소,63,4200220,모래내행복센터,43,2025-05-27,2025-06-03,8,경포해변-사기막,8
2025,42092106,932,강릉-동해상사,True,5,10,6,0,0,4200139,석교2리마을회관,6,4200220,모래내행복센터,4,2025-05-27,2025-06-03,8,사천면사무소-사천면사무소,5
2025,42092107,921,강릉-동해상사,True,35,194,104,0,0,4200354,연곡면사무소,109,4200354,연곡면사무소,58,2025-05-27,2025-06-03,8,연곡면사무소-연곡면사무소,8
2025,42092109,922,강릉-동해상사,True,27,157,94,0,0,4200354,연곡면사무소,74,4200354,연곡면사무소,65,2025-05-27,2025-06-03,8,연곡면사무소-연곡면사무소,8
2025,42092111,931-1,강릉-동해상사,True,29,196,124,0,0,4200223,사천면사무소,38,4201242,경포해변,47,2025-05-27,2025-06-03,8,사기막-경포해변,8
2025,42092112,933,강릉-동해상사,True,7,54,38,0,0,4200384 | 4200385,미노리 | 덕실리,15,4200385,덕실리,14,2025-05-27,2025-06-03,8,사천면사무소-사천면사무소,8
2025,42092113,930,강릉-동해상사,True,12,47,34,0,0,4201238,사천진리,12,4200220,모래내행복센터,18,2025-05-27,2025-06-03,8,경포해변-사천면사무소,8
2025,42092114,930-1,강릉-동해상사,True,11,39,25,0,0,4200222,사천면사무소,25,4201242,경포해변,10,2025-05-27,2025-06-03,8,사천면사무소-경포해변,8
2025,42092115,934,강릉-동해상사,True,17,144,86,0,0,4200447,사천물회거리,37,4200252,신영극장,49,2025-05-27,2025-06-03,8,경포해변-KTX공영주차장,8
2025,42092116,934-1,강릉-동해상사,True,15,106,51,0,0,4200253,교보생명,55,4201242,경포해변,24,2025-05-27,2025-06-03,8,KTX공영주차장-경포해변,8
2025,42092117,935,강릉-동해상사,True,13,172,37,0,0,4200253,교보생명,100,4200160,노동회관,9,2025-05-27,2025-06-03,8,KTX공영주차장-사기막,8
2025,42092118,935-1,강릉-동해상사,True,19,254,159,0,0,4200159,노동회관,55,4200252,신영극장,85,2025-05-27,2025-06-03,8,사기막-KTX공영주차장,8
2025,42092141,시티1,강릉-동해상사,True,64,1573,1237,0,0,4201057,안목커피거리,153,4200244,안목커피거리,169,2025-05-27,2025-06-03,8,안목커피거리-안목커피거리,8
2025,42092144,206-1,강릉-동해상사,True,59,833,414,0,0,4200253,교보생명,164,4200252,신영극장,127,2025-05-27,2025-06-03,8,강릉고등학교-강릉고정문,8
2025,42092151,212,강릉-동해상사,True,39,490,336,0,0,4200721,강릉역,87,4200253,교보생명,56,2025-05-27,2025-06-03,8,안목-안목커피거리,8
2025,42092152,212-1,강릉-동해상사,True,41,510,317,0,0,4200252,신영극장,129,4201044,안목커피거리,70,2025-05-27,2025-06-03,8,안목-안목커피거리,8
2025,42101048,,,False,8,48,11,0,0,4202032,옥계현내시장,23,4202032,옥계현내시장,10,2025-05-27,2025-06-03,8,노봉-노봉,8
2025,42101049,,,False,10,61,26,0,0,4202022,옥계현내시장,21,4202032,옥계현내시장,14,2025-05-27,2025-06-03,8,대동.부영아파트-대동아파트,7
2025,42101054,,,False,7,44,17,0,0,4202022,옥계현내시장,34,4202032,옥계현내시장,11,2025-05-27,2025-06-03,8,옥계현내시장-옥계현내시장,7
2025,43104005,,,False,1,30,20,0,0,4312050,향호리종점,30,4312050,향호리종점,20,2025-05-27,2025-06-03,8,양양종합여객터미-양양종합터미널앞,8
2025,43107001,,,False,2,149,20,0,0,4311940,향호리종점,91,4312050,향호리종점,20,2025-05-27,2025-06-03,8,향호리종점-향호리종점,8
2025,43107002,,,False,2,20,3,0,0,4311940,향호리종점,15,4312050,향호리종점,3,2025-05-27,2025-06-03,8,향호리종점-향호리종점,4
2025,43107003,,,False,2,142,23,0,0,4311940,향호리종점,76,4312050,향호리종점,21,2025-05-27,2025-06-03,8,향호리종점-향호리종점,7
