year,route_id,route_name_current,company_name_current,route_in_current_bis,identified_stop_count,ride_total,goff_total,unknown_stop_ride,unknown_stop_goff,top_ride_stop_ids,top_ride_stop_names,top_ride_count_each,top_goff_stop_ids,top_goff_stop_names,top_goff_count_each
2025,25517001,,,False,1,2644,40,0,0,1102393,(name unavailable),2644,1102393,(name unavailable),40
2025,42001001,200,강릉-동진버스,True,65,217406,100051,0,0,4200252,신영극장,32009,4200252,신영극장,19400
2025,42001002,202,강릉-동진버스,True,43,206561,118056,3,0,4200253,교보생명,37886,4200253,교보생명,24277
2025,42001003,206,강릉-동진버스,True,63,319394,154993,3,0,4200253,교보생명,44044,4200252,신영극장,27160
2025,42001004,207,강릉-동진버스,True,70,169524,86854,0,0,4200253,교보생명,20606,4200252,신영극장,14809
2025,42001005,300,강릉-동진버스,True,56,481711,240347,2,0,4200253,교보생명,119961,4200253,교보생명,40612
2025,42001007,302,강릉-동진버스,True,70,97411,44756,1,0,4200253,교보생명,15904,4200253,교보생명,5637
2025,42001012,315,강릉-동진버스,True,105,30826,12572,0,0,4200063,가톨릭관동대학교,2840,4200229,즈므.과학단지,876
2025,42002001,101,강릉-동진버스,True,68,42459,21180,1,0,4201199,남대천.강릉교,8996,4201198,남대천.강릉교,5809
2025,42002003,103,강릉-동진버스,True,60,42837,15586,1,0,4201199,남대천.강릉교,12958,4201198,남대천.강릉교,4892
2025,42002004,104,강릉-동진버스,True,76,14045,7077,0,0,4200359,하나로마트내곡점,3233,4200252,신영극장,3240
2025,42002005,104-1,강릉-동진버스,True,81,41674,19046,0,0,4200253,교보생명,7283,4200253,교보생명,4598
2025,42002006,104-2,강릉-동진버스,True,82,44954,17293,0,0,4200253,교보생명,8634,4200252,신영극장,4484
2025,42002010,110,강릉-동진버스,True,20,33090,11948,0,0,4202022,옥계현내시장,11166,4201198,남대천.강릉교,4309
2025,42002013,112,강릉-동진버스,True,70,74812,39372,0,0,4201199,남대천.강릉교,21158,4201198,남대천.강릉교,12122
2025,42002014,113,강릉-동진버스,True,64,75564,39319,0,0,4201199,남대천.강릉교,17586,4200253,교보생명,9122
2025,42002026,205,강릉-동진버스,True,27,4954,1393,0,0,4200356,강원대학교,969,4200252,신영극장,683
2025,42002030,211,강릉-동진버스,True,60,36366,15003,0,0,4200252,신영극장,4866,4200252,신영극장,4158
2025,42002035,222,강릉-동진버스,True,54,154774,74961,5,0,4200063,가톨릭관동대학교,23935,4200252,신영극장,16642
2025,42002036,223,강릉-동진버스,True,29,257034,119746,2,0,4200253,교보생명,63852,4200253,교보생명,33164
2025,42002037,224,강릉-동진버스,True,67,8095,984,0,0,4200288,경포고교,1194,4200054,삼익아파트,244
2025,42002038,227,강릉-동진버스,True,60,391603,172126,2,0,4200253,교보생명,51271,4200252,신영극장,31880
2025,42002040,228,강릉-동진버스,True,43,197176,93697,1,0,4200543,미디어촌5단지,24059,4200252,신영극장,19874
2025,42002042,230,강릉-동진버스,True,57,44912,22350,1,0,4200252,신영극장,6033,4200252,신영극장,5835
2025,42002043,230-1,강릉-동진버스,True,60,108768,55076,1,0,4200253,교보생명,12042,4200252,신영극장,10868
2025,42002061,504 (운행 폐지),강릉-동진버스,True,36,89,43,0,0,4200252,신영극장,17,4200253,교보생명,12
2025,42002072,202-1,강릉-동진버스,True,43,235290,156357,5,0,4200252,신영극장,50506,4200252,신영극장,30151
2025,42002078,211-1,강릉-동진버스,True,62,37145,17085,0,0,4200252,신영극장,4554,4200252,신영극장,5166
2025,42002080,,,False,19,2538,364,0,0,4200762,입암현대아파트,459,4200257,옥천119안전센터,154
2025,42002083,,,False,23,2519,133,0,0,4200543,미디어촌5단지,622,4200547,e-편한세상아파트,39
2025,42002084,224-1,강릉-동진버스,True,45,4169,929,0,0,4201043,안목,986,4200751,금호어울림정문,232
2025,42002085,220,강릉-동진버스,True,66,362668,156092,4,0,4200252,신영극장,49287,4200252,신영극장,36434
2025,42002086,225,강릉-동진버스,True,45,10860,5880,0,0,4200253,교보생명,3115,4200253,교보생명,895
2025,42002087,225-1,강릉-동진버스,True,41,8317,4981,0,0,4200252,신영극장,1428,4200252,신영극장,1393
2025,42002089,223-1,강릉-동진버스,True,30,284640,159700,5,0,4200063,가톨릭관동대학교,74676,4200252,신영극장,51463
2025,42002090,300-2,강릉-동진버스,True,52,432363,221986,1,0,4200252,신영극장,31888,4200252,신영극장,81055
2025,42002091,302-2,강릉-동진버스,True,66,111279,53100,2,0,4200252,신영극장,15145,4200252,신영극장,17718
2025,42002092,314,강릉-동진버스,True,56,47239,24575,0,0,4200253,교보생명,9005,4200253,교보생명,3459
2025,42002094,314-2,강릉-동진버스,True,55,42823,22890,0,0,4200121,강릉시외.고속터미널,4383,4200252,신영극장,6610
2025,42002096,202-2,강릉-동진버스,True,39,23101,8447,0,0,4200252,신영극장,6240,4201242,경포해변,2062
2025,42002103,,,False,2,8,5,0,0,4200293,강릉역건너편,8,4200253,교보생명,3
2025,42002104,234,강릉-동진버스,True,19,5800,1615,0,0,4201250,선수촌8단지,1184,4200252,신영극장,526
2025,42002107,921,강릉-동진버스,True,65,14356,9785,0,0,4200354,연곡면사무소,6193,4200354,연곡면사무소,6633
2025,42002109,922,강릉-동진버스,True,53,16504,9971,0,0,4200354,연곡면사무소,8788,4200354,연곡면사무소,6437
2025,42002110,923,강릉-동진버스,True,27,2239,1268,0,0,4200354,연곡면사무소,913,4200354,연곡면사무소,875
2025,42002112,911,강릉-동진버스,True,26,3647,2137,0,0,4200196,작은다리,635,4200184,소돌,721
2025,42002113,912,강릉-동진버스,True,17,14972,7763,0,0,4200448,주문진시외버스터미널,5348,4200448,주문진시외버스터미널,5790
2025,42002114,941,강릉-동진버스,True,43,11290,5495,0,0,4200253,교보생명,4516,4200252,신영극장,2562
2025,42002115,941-1,강릉-동진버스,True,55,6042,3493,0,0,4200253,교보생명,2712,4200252,신영극장,1748
2025,42002116,942,강릉-동진버스,True,39,8048,3221,0,0,4200253,교보생명,3107,4200252,신영극장,1976
2025,42002117,944,강릉-동진버스,True,28,10886,2938,0,0,4200253,교보생명,4072,4200252,신영극장,1488
2025,42002118,945,강릉-동진버스,True,19,3893,1927,0,0,4200253,교보생명,1552,4200252,신영극장,1168
2025,42002119,946,강릉-동진버스,True,15,2878,1444,0,0,4200253,교보생명,923,4200252,신영극장,926
2025,42002120,947,강릉-동진버스,True,18,2143,681,0,0,4200253,교보생명,520,4200252,신영극장,414
2025,42002121,952,강릉-동진버스,True,20,7051,2934,0,0,4201199,남대천.강릉교,1678,4201198,남대천.강릉교,2330
2025,42002123,953,강릉-동진버스,True,35,12447,3507,0,0,4201199,남대천.강릉교,3009,4201198,남대천.강릉교,2085
2025,42002124,954,강릉-동진버스,True,11,6604,1795,0,0,4200028,하시동3리마을회관,2028,4201198,남대천.강릉교,1380
2025,42002125,955,강릉-동진버스,True,26,8872,2562,0,0,4201199,남대천.강릉교,2088,4201198,남대천.강릉교,1865
2025,42002127,956-1,강릉-동진버스,True,14,806,526,0,0,4202032,옥계현내시장,235,4200019,강동무료주차장,381
2025,42002128,957,강릉-동진버스,True,19,1585,947,0,0,4200005,강동무료주차장,339,4200019,강동무료주차장,638
2025,42002129,957-1,강릉-동진버스,True,5,113,45,0,0,4201083,산성우2리마을회관,70,4201083,산성우2리마을회관,32
2025,42002130,958,강릉-동진버스,True,24,15838,10648,0,0,4201111,심곡,7625,4201121,모래시계공원,2968
2025,42002131,504-1,강릉-동진버스,True,61,408581,215039,1,0,4200252,신영극장,51477,4200252,신영극장,48079
2025,42002132,504-2,강릉-동진버스,True,30,7234,2131,0,0,4200288,경포고교,2805,4201030,홍제동주민센터,626
2025,42002133,951,강릉-동진버스,True,20,10546,3907,0,0,4201199,남대천.강릉교,3002,4201198,남대천.강릉교,2480
2025,42002135,941-2,강릉-동진버스,True,39,5052,2122,0,0,4200253,교보생명,1821,4200252,신영극장,1065
2025,42002136,943,강릉-동진버스,True,25,5132,2182,0,0,4200253,교보생명,2326,4200252,신영극장,1119
2025,42002137,943-1,강릉-동진버스,True,23,5201,1790,0,0,4200253,교보생명,3041,4200252,신영극장,767
2025,42002138,943-2,강릉-동진버스,True,25,2295,837,0,0,4200373,송암리노인복지회관,675,4200252,신영극장,478
2025,42002139,944-1,강릉-동진버스,True,35,3996,1349,0,0,4200253,교보생명,1545,4200252,신영극장,727
2025,42002141,시티1,강릉-동진버스,True,70,83579,67549,5,0,4201275,주문진수산시장,6798,4200244,안목커피거리,9140
2025,42002142,924,강릉-동진버스,True,5,136,79,0,0,4200212,연곡면사무소,93,4200212,연곡면사무소,44
2025,42002143,945-1,강릉-동진버스,True,28,3094,1486,0,0,4200253,교보생명,1535,4200252,신영극장,558
2025,42002144,206-1,강릉-동진버스,True,63,38948,20695,0,0,4200253,교보생명,6411,4200252,신영극장,3524
2025,42002145,913,강릉-동진버스,True,10,4991,2474,0,0,4200520,우신아파트,3586,4200194,주문진항입구,1010
2025,42002146,971,강릉-동진버스,True,40,433,272,0,0,4200814,구정면사무소,58,4200814,구정면사무소,57
2025,42002147,965,강릉-동진버스,True,6,72,9,0,0,4201199,남대천.강릉교,60,4202052,옥계면사무소,5
2025,42002151,212,강릉-동진버스,True,43,18902,10585,0,0,4200721,강릉역,3104,4200047,강릉고정문,1707
2025,42002152,212-1,강릉-동진버스,True,43,14342,9117,0,0,4200121,강릉시외.고속터미널,3327,4200252,신영극장,2241
2025,42002153,300-2(강릉역),강릉-동진버스,True,53,2151,1090,0,0,4200252,신영극장,210,4200252,신영극장,371
2025,42091001,200,강릉-동해상사,True,65,141248,64059,1,0,4200252,신영극장,24245,4200252,신영극장,12053
2025,42091002,202,강릉-동해상사,True,43,108313,63457,1,0,4200253,교보생명,20409,4200253,교보생명,13211
2025,42091003,206,강릉-동해상사,True,63,168745,77251,1,0,4200253,교보생명,23430,4200252,신영극장,15497
2025,42091004,207,강릉-동해상사,True,70,97887,49155,0,0,4200253,교보생명,11812,4200252,신영극장,9161
2025,42091005,300,강릉-동해상사,True,62,622536,317430,5,0,4200253,교보생명,119014,4200253,교보생명,67060
2025,42091006,301 (운행 폐지),강릉-동해상사,True,3,9,0,0,0,4200473,향호리,7,,,
2025,42091007,302,강릉-동해상사,True,70,58869,27546,0,0,4200253,교보생명,5061,4200253,교보생명,3758
2025,42091012,315,강릉-동해상사,True,105,24294,11847,0,0,4200063,가톨릭관동대학교,2232,4200121,강릉시외.고속터미널,1025
2025,42091015,225,강릉-동해상사,True,45,10998,5884,0,0,4200253,교보생명,2984,4200253,교보생명,1142
2025,42091016,225-1,강릉-동해상사,True,41,8274,4846,0,0,4200252,신영극장,1465,4200252,신영극장,1427
2025,42091017,961-1,강릉-동해상사,True,15,357,24,0,0,4201096,한라아파트,146,4202022,옥계현내시장,13
2025,42091018,962-1,강릉-동해상사,True,21,308,36,0,0,4202022,옥계현내시장,166,4202022,옥계현내시장,12
2025,42092072,202-1,강릉-동해상사,True,43,145108,94977,0,0,4200252,신영극장,30266,4200252,신영극장,19145
2025,42092075,,,False,24,2525,117,0,0,4200543,미디어촌5단지,640,4200547,e-편한세상아파트,42
2025,42092076,300-1,강릉-동해상사,True,58,528147,266772,5,0,4200252,신영극장,72716,4200252,신영극장,78436
2025,42092077,302-1,강릉-동해상사,True,64,43969,23174,0,0,4200252,신영극장,4472,4200252,신영극장,6413
2025,42092092,314,강릉-동해상사,True,63,103157,57537,1,0,4200253,교보생명,14107,4200253,교보생명,11942
2025,42092094,314-1,강릉-동해상사,True,61,98203,53744,0,0,4200252,신영극장,13202,4200252,신영극장,11636
2025,42092096,202-2,강릉-동해상사,True,39,7795,4836,0,0,4200252,신영극장,1630,4201242,경포해변,1678
2025,42092099,961,강릉-동해상사,True,24,9126,1296,0,0,4202032,옥계현내시장,3988,4202022,옥계현내시장,674
2025,42092100,962,강릉-동해상사,True,27,3885,719,0,0,4202032,옥계현내시장,1570,4202022,옥계현내시장,405
2025,42092101,963,강릉-동해상사,True,29,5323,875,0,0,4202022,옥계현내시장,2211,4202032,옥계현내시장,715
2025,42092102,964,강릉-동해상사,True,20,6329,1620,0,0,4202022,옥계현내시장,2636,4202032,옥계현내시장,1116
2025,42092103,,,False,22,1917,253,0,0,4200543,미디어촌5단지,858,4200293,강릉역건너편,109
2025,42092105,931,강릉-동해상사,True,36,7032,3627,0,0,4200222,사천면사무소,2590,4200220,모래내행복센터,1761
2025,42092106,932,강릉-동해상사,True,9,440,301,0,0,4200139,석교2리마을회관,244,4200223,사천면사무소,143
2025,42092107,921,강릉-동해상사,True,66,7340,4378,0,0,4200354,연곡면사무소,3661,4200354,연곡면사무소,2865
2025,42092109,922,강릉-동해상사,True,52,6103,3675,0,0,4200354,연곡면사무소,2850,4200354,연곡면사무소,2572
2025,42092111,931-1,강릉-동해상사,True,35,8355,5441,0,0,4200223,사천면사무소,1311,4201242,경포해변,1908
2025,42092112,933,강릉-동해상사,True,8,1291,855,0,0,4200385,덕실리,369,4200385,덕실리,343
2025,42092113,930,강릉-동해상사,True,18,2332,1613,0,0,4201242,경포해변,564,4200220,모래내행복센터,938
2025,42092114,930-1,강릉-동해상사,True,17,2329,1290,0,0,4200222,사천면사무소,1263,4201242,경포해변,724
2025,42092115,934,강릉-동해상사,True,19,6909,4841,0,0,4200447,사천물회거리,1916,4200252,신영극장,2757
2025,42092116,934-1,강릉-동해상사,True,19,5523,3107,0,0,4200253,교보생명,2535,4201242,경포해변,1603
2025,42092117,935,강릉-동해상사,True,19,6985,1691,0,0,4200253,교보생명,4236,4200146,강릉면허시험장,305
2025,42092118,935-1,강릉-동해상사,True,19,8579,5637,1,0,4200159,노동회관,1400,4200252,신영극장,3064
2025,42092141,시티1,강릉-동해상사,True,70,74376,60103,2,0,4201057,안목커피거리,7593,4200244,안목커피거리,8595
2025,42092142,924,강릉-동해상사,True,5,64,43,0,0,4200212,연곡면사무소,38,4200212,연곡면사무소,29
2025,42092144,206-1,강릉-동해상사,True,63,31945,15791,1,0,4200253,교보생명,4943,4200252,신영극장,3999
2025,42092151,212,강릉-동해상사,True,43,15794,10213,1,0,4200721,강릉역,3045,4200253,교보생명,1725
2025,42092152,212-1,강릉-동해상사,True,43,19076,11619,0,0,4200252,신영극장,4441,4201044,안목커피거리,2264
2025,42092153,300-1(강릉역),강릉-동해상사,True,59,2300,1152,0,0,4200252,신영극장,226,4200252,신영극장,366
2025,42101048,,,False,14,2274,287,0,0,4202032,옥계현내시장,893,4202032,옥계현내시장,178
2025,42101049,,,False,14,2508,1021,0,0,4202022,옥계현내시장,1030,4202032,옥계현내시장,662
2025,42101054,,,False,14,1498,725,0,0,4202022,옥계현내시장,1111,4202032,옥계현내시장,488
2025,42805078,,,False,7,236,4,0,0,4201388,안고단,131,4201396,고단경로당,2
2025,43104005,,,False,1,1264,714,0,0,4312050,향호리종점,1264,4312050,향호리종점,714
2025,43107001,,,False,2,4583,719,0,0,4311940,향호리종점,2465,4312050,향호리종점,681
2025,43107002,,,False,2,930,148,0,0,4311940,향호리종점,522,4312050,향호리종점,142
2025,43107003,,,False,2,6722,1303,0,0,4311940,향호리종점,4162,4312050,향호리종점,1223
