route_id,route_name,company_name,start_stop_name,end_stop_name,stop_visits,geometry_points,retrieved_at,source_url
42002001,101,강릉-동진버스,공단,학산설래,69,795,2026-09-25T06:21:31.273743+00:00,https://bis.gn.go.kr/search/route/map?routeId=42002001
42002003,103,강릉-동진버스,차고지대기(미정차),어단리.법왕사,61,705,2026-09-25T06:21:32.770963+00:00,https://bis.gn.go.kr/search/route/map?routeId=42002003
42002006,104-2,강릉-동진버스,안목,제비리,84,634,2026-09-25T06:21:34.050785+00:00,https://bis.gn.go.kr/search/route/map?routeId=42002006
42002010,110,강릉-동진버스,강릉역건너편,옥계현내시장,20,918,2026-09-25T06:21:34.855960+00:00,https://bis.gn.go.kr/search/route/map?routeId=42002010
42002013,112,강릉-동진버스,차고지대기(미정차),모래시계공원,71,1072,2026-09-25T06:21:36.616074+00:00,https://bis.gn.go.kr/search/route/map?routeId=42002013
42002014,113,강릉-동진버스,강릉역건너편,산성우1리,64,1164,2026-09-25T06:21:38.306970+00:00,https://bis.gn.go.kr/search/route/map?routeId=42002014
42001001,200,강릉-동진버스,안목,강원대학교,67,492,2026-09-25T06:21:40.095646+00:00,https://bis.gn.go.kr/search/route/map?routeId=42001001
42091002,202,강릉-동해상사,경포해변,경포해변(종점),44,434,2026-09-25T06:21:41.323546+00:00,https://bis.gn.go.kr/search/route/map?routeId=42091002
42001002,202,강릉-동진버스,경포해변,경포해변(종점),44,434,2026-09-25T06:21:42.217778+00:00,https://bis.gn.go.kr/search/route/map?routeId=42001002
42002072,202-1,강릉-동진버스,경포해변,경포해변(종점),44,427,2026-09-25T06:21:43.495163+00:00,https://bis.gn.go.kr/search/route/map?routeId=42002072
42001003,206,강릉-동진버스,강릉고등학교,부영2차아파트,63,382,2026-09-25T06:21:45.297399+00:00,https://bis.gn.go.kr/search/route/map?routeId=42001003
42092144,206-1,강릉-동해상사,강릉고등학교,부영2차아파트,63,393,2026-09-25T06:21:46.755253+00:00,https://bis.gn.go.kr/search/route/map?routeId=42092144
42001004,207,강릉-동진버스,허균.허난설헌기념공원,강원대학교,70,456,2026-09-25T06:21:48.418505+00:00,https://bis.gn.go.kr/search/route/map?routeId=42001004
42002085,220,강릉-동진버스,안목,회산종점,68,371,2026-09-25T06:21:50.170848+00:00,https://bis.gn.go.kr/search/route/map?routeId=42002085
42002035,222,강릉-동진버스,안목,가톨릭관동대학교,56,350,2026-09-25T06:21:51.280418+00:00,https://bis.gn.go.kr/search/route/map?routeId=42002035
42002089,223-1,강릉-동진버스,가톨릭관동대학교,안목커피거리,30,198,2026-09-25T06:21:52.438547+00:00,https://bis.gn.go.kr/search/route/map?routeId=42002089
42002038,227,강릉-동진버스,남항진해변,부영2차아파트,61,460,2026-09-25T06:21:54.152462+00:00,https://bis.gn.go.kr/search/route/map?routeId=42002038
42002043,230-1,강릉-동진버스,강문해변,부영2차아파트,61,390,2026-09-25T06:21:55.721370+00:00,https://bis.gn.go.kr/search/route/map?routeId=42002043
42001005,300,강릉-동진버스,공단,향호리,55,442,2026-09-25T06:21:57.758198+00:00,https://bis.gn.go.kr/search/route/map?routeId=42001005
42091005,300,강릉-동해상사,안목,향호리,62,472,2026-09-25T06:21:59.529957+00:00,https://bis.gn.go.kr/search/route/map?routeId=42091005
42092076,300-1,강릉-동해상사,향호리,안목커피거리,57,439,2026-09-25T06:22:01.454178+00:00,https://bis.gn.go.kr/search/route/map?routeId=42092076
42002090,300-2,강릉-동진버스,향호리,공단,51,410,2026-09-25T06:22:03.183389+00:00,https://bis.gn.go.kr/search/route/map?routeId=42002090
42002131,504-1,강릉-동진버스,안목,성산,61,385,2026-09-25T06:22:05.008798+00:00,https://bis.gn.go.kr/search/route/map?routeId=42002131
42002109,922,강릉-동진버스,연곡면사무소,소금강산종점,57,796,2026-09-25T06:22:06.594753+00:00,https://bis.gn.go.kr/search/route/map?routeId=42002109
42092109,922,강릉-동해상사,연곡면사무소,소금강산종점,57,796,2026-09-25T06:22:08.141554+00:00,https://bis.gn.go.kr/search/route/map?routeId=42092109
42092114,930-1,강릉-동해상사,사천면사무소,경포해변(종점),18,143,2026-09-25T06:22:08.723182+00:00,https://bis.gn.go.kr/search/route/map?routeId=42092114
42092105,931,강릉-동해상사,경포해변,사기막,36,332,2026-09-25T06:22:09.799448+00:00,https://bis.gn.go.kr/search/route/map?routeId=42092105
42002135,941-2,강릉-동진버스,KTX공영주차장환승장,왕산사,40,658,2026-09-25T06:22:10.969497+00:00,https://bis.gn.go.kr/search/route/map?routeId=42002135
42002143,945-1,강릉-동진버스,KTX공영주차장환승장,KTX공영주차장환승장,29,598,2026-09-25T06:22:11.912376+00:00,https://bis.gn.go.kr/search/route/map?routeId=42002143
42002125,955,강릉-동진버스,남대천.강릉교,월호평동,28,637,2026-09-25T06:22:12.820604+00:00,https://bis.gn.go.kr/search/route/map?routeId=42002125
42002127,956-1,강릉-동진버스,강동무료주차장,옥계현내시장,14,517,2026-09-25T06:22:13.424447+00:00,https://bis.gn.go.kr/search/route/map?routeId=42002127
42002130,958,강릉-동진버스,강동무료주차장,금진해양파출소,25,797,2026-09-25T06:22:14.292447+00:00,https://bis.gn.go.kr/search/route/map?routeId=42002130
42092099,961,강릉-동해상사,옥계현내시장,남양2리경로당,24,456,2026-09-25T06:22:15.199184+00:00,https://bis.gn.go.kr/search/route/map?routeId=42092099
42092100,962,강릉-동해상사,옥계현내시장,산계리종점,27,773,2026-09-25T06:22:16.143003+00:00,https://bis.gn.go.kr/search/route/map?routeId=42092100
42092141,시티1,강릉-동해상사,안목커피거리,주문진해변,70,965,2026-09-25T06:22:17.904696+00:00,https://bis.gn.go.kr/search/route/map?routeId=42092141
42002141,시티1,강릉-동진버스,안목커피거리,주문진해변,70,965,2026-09-25T06:22:19.272477+00:00,https://bis.gn.go.kr/search/route/map?routeId=42002141
42002002,102 (운행 중단),강릉-동진버스,안목.강릉항,어단리.법왕사,84,801,2026-09-25T06:22:20.989619+00:00,https://bis.gn.go.kr/search/route/map?routeId=42002002
42002004,104,강릉-동진버스,안목,솔향수목원입구,79,531,2026-09-25T06:22:22.781403+00:00,https://bis.gn.go.kr/search/route/map?routeId=42002004
42002005,104-1,강릉-동진버스,안목,제비리,83,613,2026-09-25T06:22:24.569587+00:00,https://bis.gn.go.kr/search/route/map?routeId=42002005
42091001,200,강릉-동해상사,안목,강원대학교,67,492,2026-09-25T06:22:26.350715+00:00,https://bis.gn.go.kr/search/route/map?routeId=42091001
42001013,201 (운행 중단),강릉-동진버스,안목,강원대학교,63,445,2026-09-25T06:22:27.792085+00:00,https://bis.gn.go.kr/search/route/map?routeId=42001013
42091013,201 (운행 중단),강릉-동해상사,안목,강원대학교,63,446,2026-09-25T06:22:29.232530+00:00,https://bis.gn.go.kr/search/route/map?routeId=42091013
42092072,202-1,강릉-동해상사,경포해변,경포해변(종점),44,427,2026-09-25T06:22:30.572668+00:00,https://bis.gn.go.kr/search/route/map?routeId=42092072
42002096,202-2,강릉-동진버스,경포해변,경포해변(종점),40,395,2026-09-25T06:22:31.686424+00:00,https://bis.gn.go.kr/search/route/map?routeId=42002096
42092096,202-2,강릉-동해상사,경포해변,경포해변(종점),40,395,2026-09-25T06:22:32.776541+00:00,https://bis.gn.go.kr/search/route/map?routeId=42092096
42002024,203 (운행 폐지),강릉-동진버스,안목,유천동,68,589,2026-09-25T06:22:34.313121+00:00,https://bis.gn.go.kr/search/route/map?routeId=42002024
42002026,205,강릉-동진버스,공단,강원대학교,51,433,2026-09-25T06:22:35.551665+00:00,https://bis.gn.go.kr/search/route/map?routeId=42002026
42091003,206,강릉-동해상사,강릉고등학교,부영2차아파트,63,382,2026-09-25T06:22:37.238329+00:00,https://bis.gn.go.kr/search/route/map?routeId=42091003
42002144,206-1,강릉-동진버스,강릉고등학교,부영2차아파트,63,393,2026-09-25T06:22:38.676708+00:00,https://bis.gn.go.kr/search/route/map?routeId=42002144
42091004,207,강릉-동해상사,허균.허난설헌기념공원,강원대학교,70,457,2026-09-25T06:22:40.341385+00:00,https://bis.gn.go.kr/search/route/map?routeId=42091004
42002030,211,강릉-동진버스,안목,한국폴리텍대학,62,361,2026-09-25T06:22:41.779791+00:00,https://bis.gn.go.kr/search/route/map?routeId=42002030
42002078,211-1,강릉-동진버스,안목,한국폴리텍대학,64,397,2026-09-25T06:22:43.462133+00:00,https://bis.gn.go.kr/search/route/map?routeId=42002078
42092151,212,강릉-동해상사,안목,안목커피거리,44,307,2026-09-25T06:22:44.695677+00:00,https://bis.gn.go.kr/search/route/map?routeId=42092151
42002151,212,강릉-동진버스,안목,안목커피거리,44,307,2026-09-25T06:22:45.897657+00:00,https://bis.gn.go.kr/search/route/map?routeId=42002151
42092152,212-1,강릉-동해상사,안목,안목커피거리,44,306,2026-09-25T06:22:47.070973+00:00,https://bis.gn.go.kr/search/route/map?routeId=42092152
42002152,212-1,강릉-동진버스,안목,안목커피거리,44,306,2026-09-25T06:22:48.274234+00:00,https://bis.gn.go.kr/search/route/map?routeId=42002152
42002036,223,강릉-동진버스,안목,가톨릭관동대학교,30,184,2026-09-25T06:22:49.379027+00:00,https://bis.gn.go.kr/search/route/map?routeId=42002036
42002037,224,강릉-동진버스,안목,가톨릭관동대학교,69,432,2026-09-25T06:22:50.881176+00:00,https://bis.gn.go.kr/search/route/map?routeId=42002037
42002084,224-1,강릉-동진버스,안목,서희아파트,75,469,2026-09-25T06:22:52.468639+00:00,https://bis.gn.go.kr/search/route/map?routeId=42002084
42002086,225,강릉-동진버스,안목,회산종점,45,295,2026-09-25T06:22:53.667821+00:00,https://bis.gn.go.kr/search/route/map?routeId=42002086
42091015,225,강릉-동해상사,안목,회산종점,45,295,2026-09-25T06:22:54.838762+00:00,https://bis.gn.go.kr/search/route/map?routeId=42091015
42091016,225-1,강릉-동해상사,회산종점,안목커피거리,41,288,2026-09-25T06:22:55.928461+00:00,https://bis.gn.go.kr/search/route/map?routeId=42091016
42002087,225-1,강릉-동진버스,회산종점,안목커피거리,41,288,2026-09-25T06:22:57.032036+00:00,https://bis.gn.go.kr/search/route/map?routeId=42002087
42002040,228,강릉-동진버스,남항진해변,미디어촌5단지,44,389,2026-09-25T06:22:58.367071+00:00,https://bis.gn.go.kr/search/route/map?routeId=42002040
42002042,230,강릉-동진버스,강문해변,부영2차아파트,58,369,2026-09-25T06:22:59.776452+00:00,https://bis.gn.go.kr/search/route/map?routeId=42002042
42002104,234,강릉-동진버스,강릉역,강릉역,21,164,2026-09-25T06:23:00.499189+00:00,https://bis.gn.go.kr/search/route/map?routeId=42002104
42092104,234 (운행 중단),강릉-동해상사,강릉역,강릉역,21,164,2026-09-25T06:23:01.208818+00:00,https://bis.gn.go.kr/search/route/map?routeId=42092104
42092153,300-1(강릉역),강릉-동해상사,향호리,안목커피거리,60,460,2026-09-25T06:23:02.645659+00:00,https://bis.gn.go.kr/search/route/map?routeId=42092153
42002153,300-2(강릉역),강릉-동진버스,향호리,공단,54,431,2026-09-25T06:23:03.911085+00:00,https://bis.gn.go.kr/search/route/map?routeId=42002153
42091006,301 (운행 폐지),강릉-동해상사,향호리,강릉고입구,56,428,2026-09-25T06:23:05.273926+00:00,https://bis.gn.go.kr/search/route/map?routeId=42091006
42001007,302,강릉-동진버스,공단,향호리,70,541,2026-09-25T06:23:06.905367+00:00,https://bis.gn.go.kr/search/route/map?routeId=42001007
42091007,302,강릉-동해상사,안목,향호리,71,536,2026-09-25T06:23:08.514224+00:00,https://bis.gn.go.kr/search/route/map?routeId=42091007
42092077,302-1,강릉-동해상사,향호리,안목커피거리,64,500,2026-09-25T06:23:10.116957+00:00,https://bis.gn.go.kr/search/route/map?routeId=42092077
42002091,302-2,강릉-동진버스,향호리,공단,66,507,2026-09-25T06:23:11.660687+00:00,https://bis.gn.go.kr/search/route/map?routeId=42002091
42092092,314,강릉-동해상사,안목,향호리,63,496,2026-09-25T06:23:13.241224+00:00,https://bis.gn.go.kr/search/route/map?routeId=42092092
42002092,314,강릉-동진버스,공단,향호리,56,466,2026-09-25T06:23:14.708616+00:00,https://bis.gn.go.kr/search/route/map?routeId=42002092
42092094,314-1,강릉-동해상사,향호리,안목커피거리,61,483,2026-09-25T06:23:16.224400+00:00,https://bis.gn.go.kr/search/route/map?routeId=42092094
42002094,314-2,강릉-동진버스,향호리,공단,55,454,2026-09-25T06:23:17.566192+00:00,https://bis.gn.go.kr/search/route/map?routeId=42002094
42091012,315,강릉-동해상사,가톨릭관동대학교,향호리,107,1052,2026-09-25T06:23:19.738865+00:00,https://bis.gn.go.kr/search/route/map?routeId=42091012
42001012,315,강릉-동진버스,가톨릭관동대학교,향호리,107,1052,2026-09-25T06:23:21.773927+00:00,https://bis.gn.go.kr/search/route/map?routeId=42001012
42002061,504 (운행 폐지),강릉-동진버스,안목,성산,61,386,2026-09-25T06:23:23.166050+00:00,https://bis.gn.go.kr/search/route/map?routeId=42002061
42002132,504-2,강릉-동진버스,경포고교,성산,31,180,2026-09-25T06:23:24.035520+00:00,https://bis.gn.go.kr/search/route/map?routeId=42002132
42002112,911,강릉-동진버스,주문진시외버스터미널,주문진시외버스터미널,27,355,2026-09-25T06:23:24.926031+00:00,https://bis.gn.go.kr/search/route/map?routeId=42002112
42002113,912,강릉-동진버스,주문진시외버스터미널,궁궁동,23,555,2026-09-25T06:23:25.781850+00:00,https://bis.gn.go.kr/search/route/map?routeId=42002113
42002145,913,강릉-동진버스,주문진시외버스터미널,우신아파트,11,119,2026-09-25T06:23:26.339217+00:00,https://bis.gn.go.kr/search/route/map?routeId=42002145
42002107,921,강릉-동진버스,연곡면사무소,송천종점,70,922,2026-09-25T06:23:28.048949+00:00,https://bis.gn.go.kr/search/route/map?routeId=42002107
42092107,921,강릉-동해상사,연곡면사무소,송천종점,70,922,2026-09-25T06:23:29.700404+00:00,https://bis.gn.go.kr/search/route/map?routeId=42092107
42002110,923,강릉-동진버스,연곡면사무소,신왕종점,30,503,2026-09-25T06:23:30.607574+00:00,https://bis.gn.go.kr/search/route/map?routeId=42002110
42092142,924,강릉-동해상사,연곡면사무소,연곡면사무소,6,146,2026-09-25T06:23:31.004574+00:00,https://bis.gn.go.kr/search/route/map?routeId=42092142
42002142,924,강릉-동진버스,연곡면사무소,연곡면사무소,6,146,2026-09-25T06:23:31.437935+00:00,https://bis.gn.go.kr/search/route/map?routeId=42002142
42092113,930,강릉-동해상사,경포해변,사천면사무소,18,147,2026-09-25T06:23:32.129398+00:00,https://bis.gn.go.kr/search/route/map?routeId=42092113
42092111,931-1,강릉-동해상사,사기막,경포해변(종점),35,310,2026-09-25T06:23:33.183538+00:00,https://bis.gn.go.kr/search/route/map?routeId=42092111
42092106,932,강릉-동해상사,사천면사무소,사천면사무소,9,356,2026-09-25T06:23:33.694885+00:00,https://bis.gn.go.kr/search/route/map?routeId=42092106
42092112,933,강릉-동해상사,사천면사무소,사천면사무소,9,536,2026-09-25T06:23:34.208249+00:00,https://bis.gn.go.kr/search/route/map?routeId=42092112
42092115,934,강릉-동해상사,경포해변,KTX공영주차장환승장,19,288,2026-09-25T06:23:34.928250+00:00,https://bis.gn.go.kr/search/route/map?routeId=42092115
42092116,934-1,강릉-동해상사,KTX공영주차장환승장,경포해변(종점),19,291,2026-09-25T06:23:35.638549+00:00,https://bis.gn.go.kr/search/route/map?routeId=42092116
42092117,935,강릉-동해상사,KTX공영주차장환승장,사기막,19,319,2026-09-25T06:23:36.331235+00:00,https://bis.gn.go.kr/search/route/map?routeId=42092117
42092118,935-1,강릉-동해상사,사기막,KTX공영주차장환승장,19,313,2026-09-25T06:23:37.075712+00:00,https://bis.gn.go.kr/search/route/map?routeId=42092118
42002114,941,강릉-동진버스,KTX공영주차장환승장,왕산사,44,995,2026-09-25T06:23:38.289801+00:00,https://bis.gn.go.kr/search/route/map?routeId=42002114
42002115,941-1,강릉-동진버스,KTX공영주차장환승장,고단,58,1663,2026-09-25T06:23:39.751125+00:00,https://bis.gn.go.kr/search/route/map?routeId=42002115
42002116,942,강릉-동진버스,KTX공영주차장환승장,고단,41,2106,2026-09-25T06:23:41.051747+00:00,https://bis.gn.go.kr/search/route/map?routeId=42002116
42002136,943,강릉-동진버스,KTX공영주차장환승장,지암사입구,28,712,2026-09-25T06:23:42.035327+00:00,https://bis.gn.go.kr/search/route/map?routeId=42002136
42002137,943-1,강릉-동진버스,KTX공영주차장환승장,한밭입구,29,1277,2026-09-25T06:23:43.041905+00:00,https://bis.gn.go.kr/search/route/map?routeId=42002137
42002138,943-2,강릉-동진버스,우미린아파트,한밭입구,35,1534,2026-09-25T06:23:44.168153+00:00,https://bis.gn.go.kr/search/route/map?routeId=42002138
42002117,944,강릉-동진버스,KTX공영주차장환승장,삼왕,29,644,2026-09-25T06:23:45.146336+00:00,https://bis.gn.go.kr/search/route/map?routeId=42002117
42002139,944-1,강릉-동진버스,KTX공영주차장환승장,삼왕,38,857,2026-09-25T06:23:46.230261+00:00,https://bis.gn.go.kr/search/route/map?routeId=42002139
42002118,945,강릉-동진버스,KTX공영주차장환승장,가마골,20,416,2026-09-25T06:23:46.984344+00:00,https://bis.gn.go.kr/search/route/map?routeId=42002118
42002119,946,강릉-동진버스,KTX공영주차장환승장,KTX공영주차장환승장,17,669,2026-09-25T06:23:47.679960+00:00,https://bis.gn.go.kr/search/route/map?routeId=42002119
42002120,947,강릉-동진버스,KTX공영주차장환승장,산북,20,610,2026-09-25T06:23:48.435264+00:00,https://bis.gn.go.kr/search/route/map?routeId=42002120
42002140,948 (운행 폐지),강릉-동진버스,우미린아파트,유천동,5,57,2026-09-25T06:23:48.831780+00:00,https://bis.gn.go.kr/search/route/map?routeId=42002140
42002133,951,강릉-동진버스,남대천.강릉교,송담서원,21,668,2026-09-25T06:23:49.626468+00:00,https://bis.gn.go.kr/search/route/map?routeId=42002133
42002121,952,강릉-동진버스,남대천.강릉교,송담서원,21,661,2026-09-25T06:23:50.385733+00:00,https://bis.gn.go.kr/search/route/map?routeId=42002121
42002123,953,강릉-동진버스,남대천.강릉교,임곡,36,1143,2026-09-25T06:23:51.512364+00:00,https://bis.gn.go.kr/search/route/map?routeId=42002123
42002124,954,강릉-동진버스,남대천.강릉교,공군부대후문,13,471,2026-09-25T06:23:52.157220+00:00,https://bis.gn.go.kr/search/route/map?routeId=42002124
42002126,956 (운행 폐지),강릉-동진버스,강동무료주차장,오리동,3,80,2026-09-25T06:23:52.510632+00:00,https://bis.gn.go.kr/search/route/map?routeId=42002126
42002128,957,강릉-동진버스,강동무료주차장,옥계현내시장,20,647,2026-09-25T06:23:53.274480+00:00,https://bis.gn.go.kr/search/route/map?routeId=42002128
42002129,957-1,강릉-동진버스,강동무료주차장,피내,10,413,2026-09-25T06:23:53.785437+00:00,https://bis.gn.go.kr/search/route/map?routeId=42002129
42002099,961 (운행 폐지),강릉-동진버스,옥계현내시장,남양2리경로당,26,458,2026-09-25T06:23:54.638585+00:00,https://bis.gn.go.kr/search/route/map?routeId=42002099
42091017,961-1,강릉-동해상사,옥계현내시장,남양2리경로당,36,560,2026-09-25T06:23:55.651995+00:00,https://bis.gn.go.kr/search/route/map?routeId=42091017
42002100,962 (운행 폐지),강릉-동진버스,옥계현내시장,산계리종점,27,773,2026-09-25T06:23:56.511865+00:00,https://bis.gn.go.kr/search/route/map?routeId=42002100
42091018,962-1,강릉-동해상사,산계리종점,노봉차고지(미정차),39,598,2026-09-25T06:23:57.659965+00:00,https://bis.gn.go.kr/search/route/map?routeId=42091018
42092101,963,강릉-동해상사,옥계현내시장,북동리종점,32,709,2026-09-25T06:23:58.672577+00:00,https://bis.gn.go.kr/search/route/map?routeId=42092101
42002101,963 (운행 폐지),강릉-동진버스,옥계현내시장,북동리종점,32,709,2026-09-25T06:23:59.619247+00:00,https://bis.gn.go.kr/search/route/map?routeId=42002101
42092102,964,강릉-동해상사,옥계현내시장,금진해양파출소,20,385,2026-09-25T06:24:00.361452+00:00,https://bis.gn.go.kr/search/route/map?routeId=42092102
42002102,964 (운행 폐지),강릉-동진버스,옥계현내시장,금진해양파출소,20,385,2026-09-25T06:24:01.080042+00:00,https://bis.gn.go.kr/search/route/map?routeId=42002102
42002147,965,강릉-동진버스,강릉역건너편,옥계현내시장,9,447,2026-09-25T06:24:01.531752+00:00,https://bis.gn.go.kr/search/route/map?routeId=42002147
42002146,971,강릉-동진버스,덕현리마을회관,구정면사무소,43,807,2026-09-25T06:24:02.767612+00:00,https://bis.gn.go.kr/search/route/map?routeId=42002146
42002154,에듀라인1,강릉-동진버스,공단,문성고등학교,22,178,2026-09-25T06:24:03.517973+00:00,https://bis.gn.go.kr/search/route/map?routeId=42002154
42002155,에듀라인2,강릉-동진버스,선수촌8단지,강릉고정문,23,159,2026-09-25T06:24:04.276329+00:00,https://bis.gn.go.kr/search/route/map?routeId=42002155
42092155,에듀라인2,강릉-동해상사,선수촌8단지,강릉고정문,23,159,2026-09-25T06:24:05.043582+00:00,https://bis.gn.go.kr/search/route/map?routeId=42092155
42092156,에듀라인3,강릉-동해상사,강릉역건너편,강릉역,25,242,2026-09-25T06:24:05.824770+00:00,https://bis.gn.go.kr/search/route/map?routeId=42092156
42002157,에듀라인4,강릉-동진버스,가톨릭관동대학교,안목커피거리,37,245,2026-09-25T06:24:06.841579+00:00,https://bis.gn.go.kr/search/route/map?routeId=42002157
