year,route_id,route_name_current,company_name_current,metric,rank,sttn_id,sttn_nm,count,route_total,share_pct,stop_on_current_route
2025,25517001,,,goff,1,1102393,,40,40,100.0,False
2025,25517001,,,ride,1,1102393,,2644,2644,100.0,False
2025,42001001,200,강릉-동진버스,goff,1,4200252,신영극장,19400,100051,19.390111,True
2025,42001001,200,강릉-동진버스,goff,2,4200253,교보생명,14406,100051,14.398657,True
2025,42001001,200,강릉-동진버스,goff,3,4200356,강원대학교,4700,100051,4.697604,True
2025,42001001,200,강릉-동진버스,goff,4,4201044,안목커피거리,4493,100051,4.49071,True
2025,42001001,200,강릉-동진버스,goff,5,4200249,용강동서부시장,4363,100051,4.360776,True
2025,42001001,200,강릉-동진버스,ride,1,4200252,신영극장,32009,217406,14.723145,True
2025,42001001,200,강릉-동진버스,ride,2,4200356,강원대학교,22943,217406,10.553067,True
2025,42001001,200,강릉-동진버스,ride,3,4200253,교보생명,20145,217406,9.266074,True
2025,42001001,200,강릉-동진버스,ride,4,4200088,문성고등학교,12452,217406,5.727533,True
2025,42001001,200,강릉-동진버스,ride,5,4200087,강원대학교후문,12220,217406,5.62082,True
2025,42001002,202,강릉-동진버스,goff,1,4200253,교보생명,24277,118056,20.56397,True
2025,42001002,202,강릉-동진버스,goff,2,4201242,경포해변,12416,118056,10.517043,True
2025,42001002,202,강릉-동진버스,goff,3,4200293,강릉역건너편,11729,118056,9.935116,True
2025,42001002,202,강릉-동진버스,goff,4,4200120,강릉시외.고속터미널,11510,118056,9.74961,True
2025,42001002,202,강릉-동진버스,goff,5,4200543,미디어촌5단지,5836,118056,4.943417,True
2025,42001002,202,강릉-동진버스,ride,1,4200253,교보생명,37886,206561,18.341313,True
2025,42001002,202,강릉-동진버스,ride,2,4201242,경포해변,30020,206561,14.533237,True
2025,42001002,202,강릉-동진버스,ride,3,4201260,강문해변입구,17514,206561,8.478851,True
2025,42001002,202,강릉-동진버스,ride,4,4200251,한국은행,15388,206561,7.449615,True
2025,42001002,202,강릉-동진버스,ride,5,4200120,강릉시외.고속터미널,8154,206561,3.947502,True
2025,42001003,206,강릉-동진버스,goff,1,4200252,신영극장,27160,154993,17.523372,True
2025,42001003,206,강릉-동진버스,goff,2,4200253,교보생명,17807,154993,11.488906,True
2025,42001003,206,강릉-동진버스,goff,3,4200120,강릉시외.고속터미널,12730,154993,8.213274,True
2025,42001003,206,강릉-동진버스,goff,4,4200047,강릉고정문,7305,154993,4.713116,True
2025,42001003,206,강릉-동진버스,goff,5,4200127,구름다리,7073,154993,4.563432,True
2025,42001003,206,강릉-동진버스,ride,1,4200253,교보생명,44044,319394,13.789865,True
2025,42001003,206,강릉-동진버스,ride,2,4200252,신영극장,36695,319394,11.488945,True
2025,42001003,206,강릉-동진버스,ride,3,4200121,강릉시외.고속터미널,22574,319394,7.06776,True
2025,42001003,206,강릉-동진버스,ride,4,4200128,구름다리,20925,319394,6.551469,True
2025,42001003,206,강릉-동진버스,ride,5,4200251,한국은행,20477,319394,6.411204,True
2025,42001004,207,강릉-동진버스,goff,1,4200252,신영극장,14809,86854,17.050452,True
2025,42001004,207,강릉-동진버스,goff,2,4200253,교보생명,11564,86854,13.314298,True
2025,42001004,207,강릉-동진버스,goff,3,4200120,강릉시외.고속터미널,4992,86854,5.747576,True
2025,42001004,207,강릉-동진버스,goff,4,4200249,용강동서부시장,3839,86854,4.420061,True
2025,42001004,207,강릉-동진버스,goff,5,4200127,구름다리,3335,86854,3.839777,True
2025,42001004,207,강릉-동진버스,ride,1,4200253,교보생명,20606,169524,12.155211,True
2025,42001004,207,강릉-동진버스,ride,2,4200252,신영극장,18873,169524,11.132937,True
2025,42001004,207,강릉-동진버스,ride,3,4200121,강릉시외.고속터미널,12707,169524,7.495694,True
2025,42001004,207,강릉-동진버스,ride,4,4200251,한국은행,8507,169524,5.018169,True
2025,42001004,207,강릉-동진버스,ride,5,4200128,구름다리,7926,169524,4.675444,True
2025,42001005,300,강릉-동진버스,goff,1,4200253,교보생명,40612,240347,16.897236,True
2025,42001005,300,강릉-동진버스,goff,2,4200196,작은다리,18007,240347,7.492084,True
2025,42001005,300,강릉-동진버스,goff,3,4200198,원마트,12112,240347,5.039381,True
2025,42001005,300,강릉-동진버스,goff,4,4200212,연곡면사무소,11512,240347,4.789741,True
2025,42001005,300,강릉-동진버스,goff,5,4200418,강릉아산병원.강릉약국,11339,240347,4.717762,True
2025,42001005,300,강릉-동진버스,ride,1,4200253,교보생명,119961,481711,24.903106,True
2025,42001005,300,강릉-동진버스,ride,2,4200721,강릉역,56294,481711,11.68626,True
2025,42001005,300,강릉-동진버스,ride,3,4200251,한국은행,35333,481711,7.334896,True
2025,42001005,300,강릉-동진버스,ride,4,4201205,입암2.3주공,33952,481711,7.048209,True
2025,42001005,300,강릉-동진버스,ride,5,4200250,용강동서부시장,22530,481711,4.677078,True
2025,42001007,302,강릉-동진버스,goff,1,4200253,교보생명,5637,44756,12.594959,True
2025,42001007,302,강릉-동진버스,goff,2,4200120,강릉시외.고속터미널,3015,44756,6.736527,True
2025,42001007,302,강릉-동진버스,goff,3,4200446,강릉아산병원(주문진방면),2693,44756,6.01707,True
2025,42001007,302,강릉-동진버스,goff,4,4200196,작은다리,2398,44756,5.357941,True
2025,42001007,302,강릉-동진버스,goff,5,4200125,솔올공연장,1918,44756,4.285459,True
2025,42001007,302,강릉-동진버스,ride,1,4200253,교보생명,15904,97411,16.326698,True
2025,42001007,302,강릉-동진버스,ride,2,4200120,강릉시외.고속터미널,5751,97411,5.903851,True
2025,42001007,302,강릉-동진버스,ride,3,4200762,입암현대아파트,5652,97411,5.802219,True
2025,42001007,302,강릉-동진버스,ride,4,4200251,한국은행,5513,97411,5.659525,True
2025,42001007,302,강릉-동진버스,ride,5,4200765,성덕초등학교,5359,97411,5.501432,True
2025,42001012,315,강릉-동진버스,goff,1,4200229,즈므.과학단지,876,12572,6.967865,True
2025,42001012,315,강릉-동진버스,goff,2,4200446,강릉아산병원(주문진방면),832,12572,6.617881,True
2025,42001012,315,강릉-동진버스,goff,3,4200067,홍제동주민센터,720,12572,5.727012,True
2025,42001012,315,강릉-동진버스,goff,4,4200454,작은다리사거리,702,12572,5.583837,True
2025,42001012,315,강릉-동진버스,goff,5,4200121,강릉시외.고속터미널,591,12572,4.700923,True
2025,42001012,315,강릉-동진버스,ride,1,4200063,가톨릭관동대학교,2840,30826,9.213002,True
2025,42001012,315,강릉-동진버스,ride,2,4200357,내곡교,1817,30826,5.894375,True
2025,42001012,315,강릉-동진버스,ride,3,4200065,보건소,1694,30826,5.495361,True
2025,42001012,315,강릉-동진버스,ride,4,4200120,강릉시외.고속터미널,1643,30826,5.329916,True
2025,42001012,315,강릉-동진버스,ride,5,4200211,삼천리아파트,1199,30826,3.889574,True
2025,42002001,101,강릉-동진버스,goff,1,4201198,남대천.강릉교,5809,21180,27.426818,True
2025,42002001,101,강릉-동진버스,goff,2,4200252,신영극장,3651,21180,17.23796,True
2025,42002001,101,강릉-동진버스,goff,3,4201199,남대천.강릉교,1424,21180,6.723324,True
2025,42002001,101,강릉-동진버스,goff,4,4200094,강릉여고,1143,21180,5.396601,True
2025,42002001,101,강릉-동진버스,goff,5,4200249,용강동서부시장,952,21180,4.494806,True
2025,42002001,101,강릉-동진버스,ride,1,4201199,남대천.강릉교,8996,42459,21.187499,True
2025,42002001,101,강릉-동진버스,ride,2,4200121,강릉시외.고속터미널,4850,42459,11.422784,True
2025,42002001,101,강릉-동진버스,ride,3,4200252,신영극장,3779,42459,8.900351,True
2025,42002001,101,강릉-동진버스,ride,4,4200704,학산2리,1604,42459,3.777762,False
2025,42002001,101,강릉-동진버스,ride,5,4200702,옥봉마을,1487,42459,3.502202,False
2025,42002003,103,강릉-동진버스,goff,1,4201198,남대천.강릉교,4892,15586,31.387142,True
2025,42002003,103,강릉-동진버스,goff,2,4200252,신영극장,2117,15586,13.582702,True
2025,42002003,103,강릉-동진버스,goff,3,4201199,남대천.강릉교,1723,15586,11.054793,True
2025,42002003,103,강릉-동진버스,goff,4,4200094,강릉여고,950,15586,6.095214,True
2025,42002003,103,강릉-동진버스,goff,5,4200249,용강동서부시장,582,15586,3.73412,True
2025,42002003,103,강릉-동진버스,ride,1,4201199,남대천.강릉교,12958,42837,30.249551,True
2025,42002003,103,강릉-동진버스,ride,2,4200252,신영극장,3127,42837,7.299764,True
2025,42002003,103,강릉-동진버스,ride,3,4200675,박월동마을회관,1828,42837,4.267339,True
2025,42002003,103,강릉-동진버스,ride,4,4200245,이명사거리,1697,42837,3.961529,True
2025,42002003,103,강릉-동진버스,ride,5,4201197,강릉중입구,1614,42837,3.767771,True
2025,42002004,104,강릉-동진버스,goff,1,4200252,신영극장,3240,7077,45.782111,True
2025,42002004,104,강릉-동진버스,goff,2,4200253,교보생명,583,7077,8.237954,True
2025,42002004,104,강릉-동진버스,goff,3,4200853,강릉대도호부관아,293,7077,4.140172,True
2025,42002004,104,강릉-동진버스,goff,4,4200107,KT,247,7077,3.490179,True
2025,42002004,104,강릉-동진버스,goff,5,4201044,안목커피거리,240,7077,3.391267,True
2025,42002004,104,강릉-동진버스,ride,1,4200359,하나로마트내곡점,3233,14045,23.018868,True
2025,42002004,104,강릉-동진버스,ride,2,4200252,신영극장,1549,14045,11.028836,True
2025,42002004,104,강릉-동진버스,ride,3,4200821,구정마을회관,1262,14045,8.985404,True
2025,42002004,104,강릉-동진버스,ride,4,4200357,내곡교,732,14045,5.211819,True
2025,42002004,104,강릉-동진버스,ride,5,4200065,보건소,716,14045,5.0979,True
2025,42002005,104-1,강릉-동진버스,goff,1,4200253,교보생명,4598,19046,24.141552,True
2025,42002005,104-1,강릉-동진버스,goff,2,4200252,신영극장,3732,19046,19.594666,True
2025,42002005,104-1,강릉-동진버스,goff,3,4200361,보건소,861,19046,4.520634,True
2025,42002005,104-1,강릉-동진버스,goff,4,4200251,한국은행,661,19046,3.470545,True
2025,42002005,104-1,강릉-동진버스,goff,5,4200360,하나로마트내곡점,648,19046,3.402289,True
2025,42002005,104-1,강릉-동진버스,ride,1,4200253,교보생명,7283,41674,17.476124,True
2025,42002005,104-1,강릉-동진버스,ride,2,4200252,신영극장,3587,41674,8.607285,True
2025,42002005,104-1,강릉-동진버스,ride,3,4200106,KT,2249,41674,5.39665,True
2025,42002005,104-1,강릉-동진버스,ride,4,4200251,한국은행,2243,41674,5.382253,True
2025,42002005,104-1,강릉-동진버스,ride,5,4201043,안목,2007,41674,4.815952,True
2025,42002006,104-2,강릉-동진버스,goff,1,4200252,신영극장,4484,17293,25.929567,True
2025,42002006,104-2,강릉-동진버스,goff,2,4200253,교보생명,2322,17293,13.427398,True
2025,42002006,104-2,강릉-동진버스,goff,3,4201044,안목커피거리,876,17293,5.065633,True
2025,42002006,104-2,강릉-동진버스,goff,4,4200853,강릉대도호부관아,820,17293,4.741803,True
2025,42002006,104-2,강릉-동진버스,goff,5,4200842,서희아파트,509,17293,2.943387,True
2025,42002006,104-2,강릉-동진버스,ride,1,4200253,교보생명,8634,44954,19.2063,True
2025,42002006,104-2,강릉-동진버스,ride,2,4200252,신영극장,5435,44954,12.090137,True
2025,42002006,104-2,강릉-동진버스,ride,3,4200251,한국은행,2664,44954,5.926058,True
2025,42002006,104-2,강릉-동진버스,ride,4,4200065,보건소,2029,44954,4.513503,True
2025,42002006,104-2,강릉-동진버스,ride,5,4200359,하나로마트내곡점,2011,44954,4.473462,True
2025,42002010,110,강릉-동진버스,goff,1,4201198,남대천.강릉교,4309,11948,36.064613,True
2025,42002010,110,강릉-동진버스,goff,2,4202032,옥계현내시장,2948,11948,24.673586,True
2025,42002010,110,강릉-동진버스,goff,3,4200721,강릉역,1175,11948,9.834282,True
2025,42002010,110,강릉-동진버스,goff,4,4200094,강릉여고,641,11948,5.364915,True
2025,42002010,110,강릉-동진버스,goff,5,4202052,옥계면사무소,472,11948,3.950452,True
2025,42002010,110,강릉-동진버스,ride,1,4202022,옥계현내시장,11166,33090,33.744334,True
2025,42002010,110,강릉-동진버스,ride,2,4201199,남대천.강릉교,10046,33090,30.359625,True
2025,42002010,110,강릉-동진버스,ride,3,4200293,강릉역건너편,2148,33090,6.491387,True
2025,42002010,110,강릉-동진버스,ride,4,4201197,강릉중입구,1595,33090,4.820187,True
2025,42002010,110,강릉-동진버스,ride,5,4201095,낙풍리입구,1563,33090,4.723481,True
2025,42002013,112,강릉-동진버스,goff,1,4201198,남대천.강릉교,12122,39372,30.788378,True
2025,42002013,112,강릉-동진버스,goff,2,4201128,정동진역,3465,39372,8.800671,True
2025,42002013,112,강릉-동진버스,goff,3,4200094,강릉여고,3040,39372,7.721223,True
2025,42002013,112,강릉-동진버스,goff,4,4201121,모래시계공원,2028,39372,5.150869,True
2025,42002013,112,강릉-동진버스,goff,5,4201140,안인,1726,39372,4.383826,True
2025,42002013,112,강릉-동진버스,ride,1,4201199,남대천.강릉교,21158,74812,28.281559,True
2025,42002013,112,강릉-동진버스,ride,2,4201121,모래시계공원,8440,74812,11.281613,True
2025,42002013,112,강릉-동진버스,ride,3,4201127,정동진역,5873,74812,7.850345,True
2025,42002013,112,강릉-동진버스,ride,4,4200293,강릉역건너편,4839,74812,6.468214,True
2025,42002013,112,강릉-동진버스,ride,5,4201139,안인,2786,74812,3.724001,True
2025,42002014,113,강릉-동진버스,goff,1,4200253,교보생명,9122,39319,23.19998,True
2025,42002014,113,강릉-동진버스,goff,2,4201198,남대천.강릉교,5321,39319,13.532898,True
2025,42002014,113,강릉-동진버스,goff,3,4201128,정동진역,4849,39319,12.33246,True
2025,42002014,113,강릉-동진버스,goff,4,4200721,강릉역,3390,39319,8.621786,True
2025,42002014,113,강릉-동진버스,goff,5,4201126,정동교,2255,39319,5.735141,True
2025,42002014,113,강릉-동진버스,ride,1,4201199,남대천.강릉교,17586,75564,23.272987,True
2025,42002014,113,강릉-동진버스,ride,2,4201127,정동진역,6778,75564,8.96988,True
2025,42002014,113,강릉-동진버스,ride,3,4201125,정동교,4687,75564,6.202689,True
2025,42002014,113,강릉-동진버스,ride,4,4200293,강릉역건너편,4654,75564,6.159018,True
2025,42002014,113,강릉-동진버스,ride,5,4200252,신영극장,4353,75564,5.76068,True
2025,42002026,205,강릉-동진버스,goff,1,4200252,신영극장,683,1393,49.030869,True
2025,42002026,205,강릉-동진버스,goff,2,4200249,용강동서부시장,108,1393,7.753051,True
2025,42002026,205,강릉-동진버스,goff,3,4201048,입암4주공아파트,105,1393,7.537688,True
2025,42002026,205,강릉-동진버스,goff,4,4201046,성덕동주민센터,70,1393,5.025126,True
2025,42002026,205,강릉-동진버스,goff,5,4200763,입암현대아파트,54,1393,3.876525,True
2025,42002026,205,강릉-동진버스,ride,1,4200356,강원대학교,969,4954,19.559952,True
2025,42002026,205,강릉-동진버스,ride,2,4200245,이명사거리,735,4954,14.836496,True
2025,42002026,205,강릉-동진버스,ride,3,4200252,신영극장,728,4954,14.695196,True
2025,42002026,205,강릉-동진버스,ride,4,4201199,남대천.강릉교,588,4954,11.869197,True
2025,42002026,205,강릉-동진버스,ride,5,4201209,공단,475,4954,9.588212,True
2025,42002030,211,강릉-동진버스,goff,1,4200252,신영극장,4158,15003,27.714457,True
2025,42002030,211,강릉-동진버스,goff,2,4200253,교보생명,2637,15003,17.576485,True
2025,42002030,211,강릉-동진버스,goff,3,4201044,안목커피거리,868,15003,5.78551,True
2025,42002030,211,강릉-동진버스,goff,4,4200855,성내동광장,612,15003,4.079184,True
2025,42002030,211,강릉-동진버스,goff,5,4200107,KT,490,15003,3.266013,True
2025,42002030,211,강릉-동진버스,ride,1,4200252,신영극장,4866,36366,13.38063,True
2025,42002030,211,강릉-동진버스,ride,2,4200253,교보생명,4562,36366,12.544685,True
2025,42002030,211,강릉-동진버스,ride,3,4200783,남산초교,3982,36366,10.949788,True
2025,42002030,211,강릉-동진버스,ride,4,4200773,노암대림아파트,2607,36366,7.168784,True
2025,42002030,211,강릉-동진버스,ride,5,4200785,남산현대아파트,2304,36366,6.335588,True
2025,42002035,222,강릉-동진버스,goff,1,4200252,신영극장,16642,74961,22.200878,True
2025,42002035,222,강릉-동진버스,goff,2,4200253,교보생명,15199,74961,20.275877,True
2025,42002035,222,강릉-동진버스,goff,3,4200063,가톨릭관동대학교,4475,74961,5.969771,True
2025,42002035,222,강릉-동진버스,goff,4,4200361,보건소,3736,74961,4.983925,True
2025,42002035,222,강릉-동진버스,goff,5,4201044,안목커피거리,3355,74961,4.475661,True
2025,42002035,222,강릉-동진버스,ride,1,4200063,가톨릭관동대학교,23935,154774,15.464484,True
2025,42002035,222,강릉-동진버스,ride,2,4200252,신영극장,22253,154774,14.377738,True
2025,42002035,222,강릉-동진버스,ride,3,4200253,교보생명,18335,154774,11.846305,True
2025,42002035,222,강릉-동진버스,ride,4,4200251,한국은행,9704,154774,6.269787,True
2025,42002035,222,강릉-동진버스,ride,5,4200106,KT,6699,154774,4.328246,True
2025,42002036,223,강릉-동진버스,goff,1,4200253,교보생명,33164,119746,27.695288,True
2025,42002036,223,강릉-동진버스,goff,2,4200063,가톨릭관동대학교,22457,119746,18.753862,True
2025,42002036,223,강릉-동진버스,goff,3,4200721,강릉역,10712,119746,8.945602,True
2025,42002036,223,강릉-동진버스,goff,4,4200361,보건소,10008,119746,8.35769,True
2025,42002036,223,강릉-동진버스,goff,5,4200360,하나로마트내곡점,8275,119746,6.91046,True
2025,42002036,223,강릉-동진버스,ride,1,4200253,교보생명,63852,257034,24.84185,True
2025,42002036,223,강릉-동진버스,ride,2,4200251,한국은행,32310,257034,12.570321,True
2025,42002036,223,강릉-동진버스,ride,3,4200721,강릉역,24421,257034,9.501078,True
2025,42002036,223,강릉-동진버스,ride,4,4201043,안목,22207,257034,8.639713,True
2025,42002036,223,강릉-동진버스,ride,5,4200106,KT,16547,257034,6.43767,True
2025,42002037,224,강릉-동진버스,goff,1,4200054,삼익아파트,244,984,24.796748,True
2025,42002037,224,강릉-동진버스,goff,2,4200051,송정래미안,84,984,8.536585,True
2025,42002037,224,강릉-동진버스,goff,3,4200063,가톨릭관동대학교,67,984,6.808943,True
2025,42002037,224,강릉-동진버스,goff,4,4200102,강릉고입구,62,984,6.300813,True
2025,42002037,224,강릉-동진버스,goff,5,4200103,경포고교,43,984,4.369919,True
2025,42002037,224,강릉-동진버스,ride,1,4200288,경포고교,1194,8095,14.749846,True
2025,42002037,224,강릉-동진버스,ride,2,4201233,초당분수공원,1012,8095,12.501544,True
2025,42002037,224,강릉-동진버스,ride,3,4200751,금호어울림정문,992,8095,12.254478,True
2025,42002037,224,강릉-동진버스,ride,4,4200101,강릉고입구,607,8095,7.498456,True
2025,42002037,224,강릉-동진버스,ride,5,4200764,대목아파트,567,8095,7.004324,True
2025,42002038,227,강릉-동진버스,goff,1,4200252,신영극장,31880,172126,18.521316,True
2025,42002038,227,강릉-동진버스,goff,2,4200253,교보생명,24716,172126,14.359248,True
2025,42002038,227,강릉-동진버스,goff,3,4200120,강릉시외.고속터미널,11457,172126,6.65617,True
2025,42002038,227,강릉-동진버스,goff,4,4201198,남대천.강릉교,7901,172126,4.590242,True
2025,42002038,227,강릉-동진버스,goff,5,4200127,구름다리,7780,172126,4.519945,True
2025,42002038,227,강릉-동진버스,ride,1,4200253,교보생명,51271,391603,13.092596,True
2025,42002038,227,강릉-동진버스,ride,2,4201199,남대천.강릉교,40417,391603,10.320912,True
2025,42002038,227,강릉-동진버스,ride,3,4200252,신영극장,38182,391603,9.750181,True
2025,42002038,227,강릉-동진버스,ride,4,4200128,구름다리,22167,391603,5.66058,True
2025,42002038,227,강릉-동진버스,ride,5,4200251,한국은행,21336,391603,5.448375,True
2025,42002040,228,강릉-동진버스,goff,1,4200252,신영극장,19874,93697,21.210925,True
2025,42002040,228,강릉-동진버스,goff,2,4200253,교보생명,18678,93697,19.93447,True
2025,42002040,228,강릉-동진버스,goff,3,4201198,남대천.강릉교,5824,93697,6.215781,True
2025,42002040,228,강릉-동진버스,goff,4,4200120,강릉시외.고속터미널,5390,93697,5.752585,True
2025,42002040,228,강릉-동진버스,goff,5,4200249,용강동서부시장,4730,93697,5.048187,True
2025,42002040,228,강릉-동진버스,ride,1,4200543,미디어촌5단지,24059,197176,12.201789,True
2025,42002040,228,강릉-동진버스,ride,2,4200252,신영극장,18252,197176,9.256705,True
2025,42002040,228,강릉-동진버스,ride,3,4200253,교보생명,17562,197176,8.906764,True
2025,42002040,228,강릉-동진버스,ride,4,4201199,남대천.강릉교,16856,197176,8.548708,True
2025,42002040,228,강릉-동진버스,ride,5,4200754,입암6주공아파트,15771,197176,7.998438,True
2025,42002042,230,강릉-동진버스,goff,1,4200252,신영극장,5835,22350,26.107383,True
2025,42002042,230,강릉-동진버스,goff,2,4200613,강문해변,2160,22350,9.66443,True
2025,42002042,230,강릉-동진버스,goff,3,4200617,초당순두부마을,1586,22350,7.096197,True
2025,42002042,230,강릉-동진버스,goff,4,4200249,용강동서부시장,1537,22350,6.876957,True
2025,42002042,230,강릉-동진버스,goff,5,4200120,강릉시외.고속터미널,983,22350,4.39821,True
2025,42002042,230,강릉-동진버스,ride,1,4200252,신영극장,6033,44912,13.432936,True
2025,42002042,230,강릉-동진버스,ride,2,4200121,강릉시외.고속터미널,4458,44912,9.926078,True
2025,42002042,230,강릉-동진버스,ride,3,4200128,구름다리,3239,44912,7.211881,True
2025,42002042,230,강릉-동진버스,ride,4,4200130,현대2차아파트,2641,44912,5.880388,True
2025,42002042,230,강릉-동진버스,ride,5,4200124,우편집중국,2553,44912,5.68445,True
2025,42002043,230-1,강릉-동진버스,goff,1,4200252,신영극장,10868,55076,19.732733,True
2025,42002043,230-1,강릉-동진버스,goff,2,4200253,교보생명,5639,55076,10.238579,True
2025,42002043,230-1,강릉-동진버스,goff,3,4200613,강문해변,4034,55076,7.324424,True
2025,42002043,230-1,강릉-동진버스,goff,4,4200120,강릉시외.고속터미널,3545,55076,6.43656,True
2025,42002043,230-1,강릉-동진버스,goff,5,4200249,용강동서부시장,3076,55076,5.58501,True
2025,42002043,230-1,강릉-동진버스,ride,1,4200253,교보생명,12042,108768,11.071271,True
2025,42002043,230-1,강릉-동진버스,ride,2,4200252,신영극장,11432,108768,10.510444,True
2025,42002043,230-1,강릉-동진버스,ride,3,4200121,강릉시외.고속터미널,9153,108768,8.415159,True
2025,42002043,230-1,강릉-동진버스,ride,4,4200613,강문해변,6233,108768,5.730546,True
2025,42002043,230-1,강릉-동진버스,ride,5,4200128,구름다리,5704,108768,5.244189,True
2025,42002061,504 (운행 폐지),강릉-동진버스,goff,1,4200253,교보생명,12,43,27.906977,True
2025,42002061,504 (운행 폐지),강릉-동진버스,goff,2,4200252,신영극장,6,43,13.953488,True
2025,42002061,504 (운행 폐지),강릉-동진버스,goff,3,4201044,안목커피거리,4,43,9.302326,True
2025,42002061,504 (운행 폐지),강릉-동진버스,goff,4,4200251,한국은행,3,43,6.976744,True
2025,42002061,504 (운행 폐지),강릉-동진버스,goff,4,4200269,이마트,3,43,6.976744,True
2025,42002061,504 (운행 폐지),강릉-동진버스,ride,1,4200252,신영극장,17,89,19.101124,True
2025,42002061,504 (운행 폐지),강릉-동진버스,ride,2,4200264,구)동해상사,9,89,10.11236,True
2025,42002061,504 (운행 폐지),강릉-동진버스,ride,3,4200274,송정노인회관,7,89,7.865169,True
2025,42002061,504 (운행 폐지),강릉-동진버스,ride,4,4200094,강릉여고,5,89,5.617978,True
2025,42002061,504 (운행 폐지),강릉-동진버스,ride,4,4200253,교보생명,5,89,5.617978,True
2025,42002072,202-1,강릉-동진버스,goff,1,4200252,신영극장,30151,156357,19.283435,True
2025,42002072,202-1,강릉-동진버스,goff,2,4201242,경포해변,22069,156357,14.114494,True
2025,42002072,202-1,강릉-동진버스,goff,3,4201261,강문해변입구,19348,156357,12.374246,True
2025,42002072,202-1,강릉-동진버스,goff,4,4200721,강릉역,17127,156357,10.953779,True
2025,42002072,202-1,강릉-동진버스,goff,5,4201267,경포호,10380,156357,6.638654,True
2025,42002072,202-1,강릉-동진버스,ride,1,4200252,신영극장,50506,235290,21.465426,True
2025,42002072,202-1,강릉-동진버스,ride,2,4200721,강릉역,30059,235290,12.775299,True
2025,42002072,202-1,강릉-동진버스,ride,3,4200121,강릉시외.고속터미널,22857,235290,9.714395,True
2025,42002072,202-1,강릉-동진버스,ride,4,4201242,경포해변,21238,235290,9.026308,True
2025,42002072,202-1,강릉-동진버스,ride,5,4200543,미디어촌5단지,13581,235290,5.772026,True
2025,42002078,211-1,강릉-동진버스,goff,1,4200252,신영극장,5166,17085,30.23705,True
2025,42002078,211-1,강릉-동진버스,goff,2,4200253,교보생명,2801,17085,16.394498,True
2025,42002078,211-1,강릉-동진버스,goff,3,4201044,안목커피거리,816,17085,4.776119,True
2025,42002078,211-1,강릉-동진버스,goff,4,4200107,KT,601,17085,3.517706,True
2025,42002078,211-1,강릉-동진버스,goff,5,4200855,성내동광장,588,17085,3.441615,True
2025,42002078,211-1,강릉-동진버스,ride,1,4200252,신영극장,4554,37145,12.260062,True
2025,42002078,211-1,강릉-동진버스,ride,2,4200253,교보생명,4084,37145,10.99475,True
2025,42002078,211-1,강릉-동진버스,ride,3,4200783,남산초교,3402,37145,9.158702,True
2025,42002078,211-1,강릉-동진버스,ride,4,4200773,노암대림아파트,2884,37145,7.764167,True
2025,42002078,211-1,강릉-동진버스,ride,5,4200785,남산현대아파트,2515,37145,6.770763,True
2025,42002080,,,goff,1,4200257,옥천119안전센터,154,364,42.307692,False
2025,42002080,,,goff,2,4200088,문성고등학교,87,364,23.901099,False
2025,42002080,,,goff,3,4200765,성덕초등학교,39,364,10.714286,False
2025,42002080,,,goff,4,4200087,강원대학교후문,35,364,9.615385,False
2025,42002080,,,goff,5,4200128,구름다리,14,364,3.846154,False
2025,42002080,,,ride,1,4200762,입암현대아파트,459,2538,18.085106,False
2025,42002080,,,ride,2,4201053,금호어울림,409,2538,16.115051,False
2025,42002080,,,ride,3,4200130,현대2차아파트,361,2538,14.223798,False
2025,42002080,,,ride,4,4201202,강릉여고정문,238,2538,9.377463,False
2025,42002080,,,ride,5,4201047,입암4주공아파트,217,2538,8.550039,False
2025,42002083,,,goff,1,4200547,e-편한세상아파트,39,133,29.323308,False
2025,42002083,,,goff,2,4200363,율곡중정문,22,133,16.541353,False
2025,42002083,,,goff,3,4200109,동인병원입구,19,133,14.285714,False
2025,42002083,,,goff,3,4200111,하슬라중,19,133,14.285714,False
2025,42002083,,,goff,5,4200105,동명중학교,11,133,8.270677,False
2025,42002083,,,ride,1,4200543,미디어촌5단지,622,2519,24.692338,False
2025,42002083,,,ride,2,4200567,한내들아파트,368,2519,14.608972,False
2025,42002083,,,ride,3,4200131,하이빌현대아파트,294,2519,11.671298,False
2025,42002083,,,ride,4,4200566,주공2차아파트,235,2519,9.329099,False
2025,42002083,,,ride,5,4200129,주공3차아파트,155,2519,6.153235,False
2025,42002084,224-1,강릉-동진버스,goff,1,4200751,금호어울림정문,232,929,24.973089,True
2025,42002084,224-1,강릉-동진버스,goff,2,4200105,동명중학교,106,929,11.410118,True
2025,42002084,224-1,강릉-동진버스,goff,3,4200848,내곡현대아파트,102,929,10.979548,True
2025,42002084,224-1,강릉-동진버스,goff,4,4200062,회산주공2단지,95,929,10.22605,True
2025,42002084,224-1,강릉-동진버스,goff,5,4201048,입암4주공아파트,44,929,4.736276,True
2025,42002084,224-1,강릉-동진버스,ride,1,4201043,안목,986,4169,23.650756,True
2025,42002084,224-1,강릉-동진버스,ride,2,4200843,서희아파트,583,4169,13.984169,True
2025,42002084,224-1,강릉-동진버스,ride,3,4200062,회산주공2단지,438,4169,10.506117,True
2025,42002084,224-1,강릉-동진버스,ride,4,4200846,회산주공1단지,358,4169,8.587191,True
2025,42002084,224-1,강릉-동진버스,ride,5,4200771,은마아파트,322,4169,7.723675,True
2025,42002085,220,강릉-동진버스,goff,1,4200252,신영극장,36434,156092,23.341363,True
2025,42002085,220,강릉-동진버스,goff,2,4200253,교보생명,24747,156092,15.854112,True
2025,42002085,220,강릉-동진버스,goff,3,4200853,강릉대도호부관아,8371,156092,5.362863,True
2025,42002085,220,강릉-동진버스,goff,4,4201044,안목커피거리,6750,156092,4.324373,True
2025,42002085,220,강릉-동진버스,goff,5,4200107,KT,4849,156092,3.106501,True
2025,42002085,220,강릉-동진버스,ride,1,4200252,신영극장,49287,362668,13.590115,True
2025,42002085,220,강릉-동진버스,ride,2,4200253,교보생명,47362,362668,13.059327,True
2025,42002085,220,강릉-동진버스,ride,3,4200843,서희아파트,23897,362668,6.589222,True
2025,42002085,220,강릉-동진버스,ride,4,4200251,한국은행,20913,362668,5.766431,True
2025,42002085,220,강릉-동진버스,ride,5,4200062,회산주공2단지,20700,362668,5.7077,True
2025,42002086,225,강릉-동진버스,goff,1,4200253,교보생명,895,5880,15.221088,True
2025,42002086,225,강릉-동진버스,goff,2,4200120,강릉시외.고속터미널,795,5880,13.520408,True
2025,42002086,225,강릉-동진버스,goff,3,4200543,미디어촌5단지,712,5880,12.108844,True
2025,42002086,225,강릉-동진버스,goff,4,4200565,우미린아파트,478,5880,8.129252,True
2025,42002086,225,강릉-동진버스,goff,5,4200067,홍제동주민센터,353,5880,6.003401,True
2025,42002086,225,강릉-동진버스,ride,1,4200253,교보생명,3115,10860,28.683241,True
2025,42002086,225,강릉-동진버스,ride,2,4200251,한국은행,1061,10860,9.769797,True
2025,42002086,225,강릉-동진버스,ride,3,4200721,강릉역,595,10860,5.478821,True
2025,42002086,225,강릉-동진버스,ride,4,4200543,미디어촌5단지,514,10860,4.732965,True
2025,42002086,225,강릉-동진버스,ride,5,4200250,용강동서부시장,501,10860,4.61326,True
2025,42002087,225-1,강릉-동진버스,goff,1,4200252,신영극장,1393,4981,27.966272,True
2025,42002087,225-1,강릉-동진버스,goff,2,4201044,안목커피거리,764,4981,15.338285,True
2025,42002087,225-1,강릉-동진버스,goff,3,4200293,강릉역건너편,626,4981,12.567757,True
2025,42002087,225-1,강릉-동진버스,goff,4,4200249,용강동서부시장,407,4981,8.17105,True
2025,42002087,225-1,강릉-동진버스,goff,5,4200120,강릉시외.고속터미널,157,4981,3.151978,True
2025,42002087,225-1,강릉-동진버스,ride,1,4200252,신영극장,1428,8317,17.169653,True
2025,42002087,225-1,강릉-동진버스,ride,2,4200121,강릉시외.고속터미널,1138,8317,13.682818,True
2025,42002087,225-1,강릉-동진버스,ride,3,4200293,강릉역건너편,641,8317,7.707106,True
2025,42002087,225-1,강릉-동진버스,ride,4,4200548,강릉소방서,626,8317,7.526752,True
2025,42002087,225-1,강릉-동진버스,ride,5,4200543,미디어촌5단지,607,8317,7.298305,True
2025,42002089,223-1,강릉-동진버스,goff,1,4200252,신영극장,51463,159700,32.224796,True
2025,42002089,223-1,강릉-동진버스,goff,2,4200293,강릉역건너편,17206,159700,10.773951,True
2025,42002089,223-1,강릉-동진버스,goff,3,4201044,안목커피거리,16723,159700,10.471509,True
2025,42002089,223-1,강릉-동진버스,goff,4,4201035,용강동,15125,159700,9.470883,True
2025,42002089,223-1,강릉-동진버스,goff,5,4200107,KT,7451,159700,4.665623,True
2025,42002089,223-1,강릉-동진버스,ride,1,4200063,가톨릭관동대학교,74676,284640,26.235245,True
2025,42002089,223-1,강릉-동진버스,ride,2,4200252,신영극장,73395,284640,25.785202,True
2025,42002089,223-1,강릉-동진버스,ride,3,4200359,하나로마트내곡점,25418,284640,8.929876,True
2025,42002089,223-1,강릉-동진버스,ride,4,4200293,강릉역건너편,25268,284640,8.877178,True
2025,42002089,223-1,강릉-동진버스,ride,5,4200065,보건소,24585,284640,8.637226,True
2025,42002090,300-2,강릉-동진버스,goff,1,4200252,신영극장,81055,221986,36.513564,True
2025,42002090,300-2,강릉-동진버스,goff,2,4200249,용강동서부시장,20232,221986,9.114088,True
2025,42002090,300-2,강릉-동진버스,goff,3,4200260,동남아파트,8835,221986,3.979981,True
2025,42002090,300-2,강릉-동진버스,goff,4,4200310,삼천리아파트,8346,221986,3.759697,True
2025,42002090,300-2,강릉-동진버스,goff,5,4201206,입암2.3주공,8110,221986,3.653384,True
2025,42002090,300-2,강릉-동진버스,ride,1,4200252,신영극장,31888,432363,7.375284,True
2025,42002090,300-2,강릉-동진버스,ride,2,4200197,작은다리,31551,432363,7.29734,True
2025,42002090,300-2,강릉-동진버스,ride,3,4200317,강릉아산병원.강릉약국,25965,432363,6.00537,True
2025,42002090,300-2,강릉-동진버스,ride,4,4200305,주문진시외버스터미널,23024,432363,5.325155,True
2025,42002090,300-2,강릉-동진버스,ride,5,4200194,주문진항입구,19718,432363,4.56052,True
2025,42002091,302-2,강릉-동진버스,goff,1,4200252,신영극장,17718,53100,33.367232,True
2025,42002091,302-2,강릉-동진버스,goff,2,4200121,강릉시외.고속터미널,4428,53100,8.338983,True
2025,42002091,302-2,강릉-동진버스,goff,3,4200249,용강동서부시장,4185,53100,7.881356,True
2025,42002091,302-2,강릉-동진버스,goff,4,4200128,구름다리,1999,53100,3.764595,True
2025,42002091,302-2,강릉-동진버스,goff,5,4200763,입암현대아파트,1745,53100,3.286252,True
2025,42002091,302-2,강릉-동진버스,ride,1,4200252,신영극장,15145,111279,13.609935,True
2025,42002091,302-2,강릉-동진버스,ride,2,4201237,강릉아산병원(강릉방면),8126,111279,7.302366,True
2025,42002091,302-2,강릉-동진버스,ride,3,4200121,강릉시외.고속터미널,7777,111279,6.98874,True
2025,42002091,302-2,강릉-동진버스,ride,4,4200128,구름다리,6911,111279,6.210516,True
2025,42002091,302-2,강릉-동진버스,ride,5,4200317,강릉아산병원.강릉약국,5019,111279,4.510285,True
2025,42002092,314,강릉-동진버스,goff,1,4200253,교보생명,3459,24575,14.07528,True
2025,42002092,314,강릉-동진버스,goff,2,4200120,강릉시외.고속터미널,2175,24575,8.850458,True
2025,42002092,314,강릉-동진버스,goff,3,4200196,작은다리,1757,24575,7.149542,True
2025,42002092,314,강릉-동진버스,goff,4,4200418,강릉아산병원.강릉약국,1145,24575,4.659207,True
2025,42002092,314,강릉-동진버스,goff,5,4200198,원마트,1122,24575,4.565615,True
2025,42002092,314,강릉-동진버스,ride,1,4200253,교보생명,9005,47239,19.062639,True
2025,42002092,314,강릉-동진버스,ride,2,4200120,강릉시외.고속터미널,4744,47239,10.04255,True
2025,42002092,314,강릉-동진버스,ride,3,4201205,입암2.3주공,4067,47239,8.609412,True
2025,42002092,314,강릉-동진버스,ride,4,4200721,강릉역,3359,47239,7.11065,True
2025,42002092,314,강릉-동진버스,ride,5,4200251,한국은행,3173,47239,6.716908,True
2025,42002094,314-2,강릉-동진버스,goff,1,4200252,신영극장,6610,22890,28.877239,True
2025,42002094,314-2,강릉-동진버스,goff,2,4200293,강릉역건너편,2822,22890,12.328528,True
2025,42002094,314-2,강릉-동진버스,goff,3,4200121,강릉시외.고속터미널,1916,22890,8.370467,True
2025,42002094,314-2,강릉-동진버스,goff,4,4200249,용강동서부시장,1676,22890,7.321975,True
2025,42002094,314-2,강릉-동진버스,goff,5,4201042,강원대학교입구,929,22890,4.058541,True
2025,42002094,314-2,강릉-동진버스,ride,1,4200121,강릉시외.고속터미널,4383,42823,10.235154,True
2025,42002094,314-2,강릉-동진버스,ride,2,4200252,신영극장,3191,42823,7.451603,True
2025,42002094,314-2,강릉-동진버스,ride,3,4200548,강릉소방서,2870,42823,6.702006,True
2025,42002094,314-2,강릉-동진버스,ride,4,4200317,강릉아산병원.강릉약국,2523,42823,5.891694,True
2025,42002094,314-2,강릉-동진버스,ride,5,4200197,작은다리,2297,42823,5.36394,True
2025,42002096,202-2,강릉-동진버스,goff,1,4201242,경포해변,2062,8447,24.411034,True
2025,42002096,202-2,강릉-동진버스,goff,2,4200252,신영극장,1039,8447,12.300225,True
2025,42002096,202-2,강릉-동진버스,goff,3,4201261,강문해변입구,985,8447,11.660945,True
2025,42002096,202-2,강릉-동진버스,goff,4,4201267,경포호,666,8447,7.884456,True
2025,42002096,202-2,강릉-동진버스,goff,5,4200098,허난설헌삼거리,605,8447,7.162306,True
2025,42002096,202-2,강릉-동진버스,ride,1,4200252,신영극장,6240,23101,27.011818,True
2025,42002096,202-2,강릉-동진버스,ride,2,4200721,강릉역,4258,23101,18.432103,True
2025,42002096,202-2,강릉-동진버스,ride,3,4200249,용강동서부시장,2029,23101,8.78317,True
2025,42002096,202-2,강릉-동진버스,ride,4,4200121,강릉시외.고속터미널,1334,23101,5.774642,True
2025,42002096,202-2,강릉-동진버스,ride,5,4200070,경포현대아파트,1108,23101,4.796329,True
2025,42002103,,,goff,1,4200253,교보생명,3,5,60.0,False
2025,42002103,,,goff,2,4200293,강릉역건너편,2,5,40.0,False
2025,42002103,,,ride,1,4200293,강릉역건너편,8,8,100.0,False
2025,42002104,234,강릉-동진버스,goff,1,4200252,신영극장,526,1615,32.569659,True
2025,42002104,234,강릉-동진버스,goff,2,4200128,구름다리,258,1615,15.975232,True
2025,42002104,234,강릉-동진버스,goff,3,4200400,강릉복합복지체육센터,129,1615,7.987616,True
2025,42002104,234,강릉-동진버스,goff,4,4200721,강릉역,124,1615,7.678019,True
2025,42002104,234,강릉-동진버스,goff,5,4200117,적십자입구,103,1615,6.377709,True
2025,42002104,234,강릉-동진버스,ride,1,4201250,선수촌8단지,1184,5800,20.413793,True
2025,42002104,234,강릉-동진버스,ride,2,4200543,미디어촌5단지,960,5800,16.551724,True
2025,42002104,234,강릉-동진버스,ride,3,4200567,한내들아파트,716,5800,12.344828,True
2025,42002104,234,강릉-동진버스,ride,4,4200565,우미린아파트,698,5800,12.034483,True
2025,42002104,234,강릉-동진버스,ride,5,4200721,강릉역,567,5800,9.775862,True
2025,42002107,921,강릉-동진버스,goff,1,4200354,연곡면사무소,6633,9785,67.78743,True
2025,42002107,921,강릉-동진버스,goff,2,4200405,송천,701,9785,7.164027,True
2025,42002107,921,강릉-동진버스,goff,3,4200423,성원사입구,298,9785,3.045478,True
2025,42002107,921,강릉-동진버스,goff,4,4200429,소금강산삼거리,297,9785,3.035258,True
2025,42002107,921,강릉-동진버스,goff,5,4200328,삼산분소,191,9785,1.951967,True
2025,42002107,921,강릉-동진버스,ride,1,4200354,연곡면사무소,6193,14356,43.138757,True
2025,42002107,921,강릉-동진버스,ride,2,4200327,소금강산돌박물관,1095,14356,7.627473,True
2025,42002107,921,강릉-동진버스,ride,3,4200329,퇴곡1리경로당,902,14356,6.283087,True
2025,42002107,921,강릉-동진버스,ride,4,4200412,진고개휴게소,812,14356,5.656172,True
2025,42002107,921,강릉-동진버스,ride,5,4200422,성원사입구,568,14356,3.956534,True
2025,42002109,922,강릉-동진버스,goff,1,4200354,연곡면사무소,6437,9971,64.557216,True
2025,42002109,922,강릉-동진버스,goff,2,4200419,소금강산종점,941,9971,9.437368,True
2025,42002109,922,강릉-동진버스,goff,3,4200328,삼산분소,516,9971,5.175008,True
2025,42002109,922,강릉-동진버스,goff,4,4200330,퇴곡1리경로당,309,9971,3.098987,True
2025,42002109,922,강릉-동진버스,goff,5,4200429,소금강산삼거리,176,9971,1.765119,True
2025,42002109,922,강릉-동진버스,ride,1,4200354,연곡면사무소,8788,16504,53.247698,True
2025,42002109,922,강릉-동진버스,ride,2,4200327,소금강산돌박물관,1283,16504,7.773873,True
2025,42002109,922,강릉-동진버스,ride,3,4200419,소금강산종점,838,16504,5.077557,True
2025,42002109,922,강릉-동진버스,ride,4,4200329,퇴곡1리경로당,527,16504,3.193165,True
2025,42002109,922,강릉-동진버스,ride,5,4200428,소금강산삼거리,470,16504,2.847794,True
2025,42002110,923,강릉-동진버스,goff,1,4200354,연곡면사무소,875,1268,69.006309,True
2025,42002110,923,강릉-동진버스,goff,2,4200392,신왕종점,138,1268,10.883281,True
2025,42002110,923,강릉-동진버스,goff,3,4200396,신왕리,48,1268,3.785489,True
2025,42002110,923,강릉-동진버스,goff,4,4200341,행정,42,1268,3.312303,True
2025,42002110,923,강릉-동진버스,goff,5,4200343,동양시멘트입구,31,1268,2.444795,True
2025,42002110,923,강릉-동진버스,ride,1,4200354,연곡면사무소,913,2239,40.777133,True
2025,42002110,923,강릉-동진버스,ride,2,4200392,신왕종점,417,2239,18.624386,True
2025,42002110,923,강릉-동진버스,ride,3,4202162,부귀터,346,2239,15.453327,True
2025,42002110,923,강릉-동진버스,ride,4,4200395,신왕리,176,2239,7.860652,True
2025,42002110,923,강릉-동진버스,ride,5,4200340,행정,143,2239,6.38678,True
2025,42002112,911,강릉-동진버스,goff,1,4200184,소돌,721,2137,33.738886,True
2025,42002112,911,강릉-동진버스,goff,2,4200467,향호저수지,320,2137,14.974263,True
2025,42002112,911,강릉-동진버스,goff,3,4201147,작은다리사거리,192,2137,8.984558,True
2025,42002112,911,강릉-동진버스,goff,4,4200971,주문진읍사무소,181,2137,8.469818,True
2025,42002112,911,강릉-동진버스,goff,5,4200466,향호회관,178,2137,8.329434,True
2025,42002112,911,강릉-동진버스,ride,1,4200196,작은다리,635,3647,17.411571,True
2025,42002112,911,강릉-동진버스,ride,2,4200467,향호저수지,608,3647,16.671237,True
2025,42002112,911,강릉-동진버스,ride,3,4200466,향호회관,558,3647,15.300247,True
2025,42002112,911,강릉-동진버스,ride,4,4201378,주문10리,348,3647,9.542089,True
2025,42002112,911,강릉-동진버스,ride,5,4200195,주문진항입구,290,3647,7.951741,True
2025,42002113,912,강릉-동진버스,goff,1,4200448,주문진시외버스터미널,5790,7763,74.584568,True
2025,42002113,912,강릉-동진버스,goff,2,4200458,장덕2리,580,7763,7.471338,True
2025,42002113,912,강릉-동진버스,goff,3,4200460,장덕2리마을회관,311,7763,4.006183,True
2025,42002113,912,강릉-동진버스,goff,4,4200462,장덕1리,297,7763,3.825841,True
2025,42002113,912,강릉-동진버스,goff,5,4200465,교항2리금용교,163,7763,2.099704,True
2025,42002113,912,강릉-동진버스,ride,1,4200448,주문진시외버스터미널,5348,14972,35.720011,True
2025,42002113,912,강릉-동진버스,ride,2,4200455,삼교리종점,1858,14972,12.409832,True
2025,42002113,912,강릉-동진버스,ride,3,4200457,장덕2리,1538,14972,10.272509,True
2025,42002113,912,강릉-동진버스,ride,4,4200461,장덕1리,1411,14972,9.424259,True
2025,42002113,912,강릉-동진버스,ride,5,4200022,상근내,1335,14972,8.916644,True
2025,42002114,941,강릉-동진버스,goff,1,4200252,신영극장,2562,5495,46.624204,True
2025,42002114,941,강릉-동진버스,goff,2,4201008,성산면사무소,493,5495,8.971793,True
2025,42002114,941,강릉-동진버스,goff,3,4200948,탑동교,370,5495,6.733394,True
2025,42002114,941,강릉-동진버스,goff,4,4200930,왕산구)종점,250,5495,4.549591,True
2025,42002114,941,강릉-동진버스,goff,5,4200954,도마1리경로당,241,5495,4.385805,True
2025,42002114,941,강릉-동진버스,ride,1,4200253,교보생명,4516,11290,40.0,True
2025,42002114,941,강릉-동진버스,ride,2,4200951,왕산면사무소앞,1335,11290,11.824624,True
2025,42002114,941,강릉-동진버스,ride,3,4200935,목계마을회관,910,11290,8.06023,True
2025,42002114,941,강릉-동진버스,ride,4,4200947,탑동교,830,11290,7.351639,True
2025,42002114,941,강릉-동진버스,ride,5,4200931,샘터휴게실,726,11290,6.430469,True
2025,42002115,941-1,강릉-동진버스,goff,1,4200252,신영극장,1748,3493,50.042943,True
2025,42002115,941-1,강릉-동진버스,goff,2,4201008,성산면사무소,441,3493,12.625251,True
2025,42002115,941-1,강릉-동진버스,goff,3,4200936,목계마을회관,384,3493,10.993415,True
2025,42002115,941-1,강릉-동진버스,goff,4,4200954,도마1리경로당,130,3493,3.721729,True
2025,42002115,941-1,강릉-동진버스,goff,5,4200944,들꽃마을,116,3493,3.320928,True
2025,42002115,941-1,강릉-동진버스,ride,1,4200253,교보생명,2712,6042,44.885799,True
2025,42002115,941-1,강릉-동진버스,ride,2,4200797,KTX공영주차장환승장,488,6042,8.076796,True
2025,42002115,941-1,강릉-동진버스,ride,3,4200947,탑동교,367,6042,6.074148,True
2025,42002115,941-1,강릉-동진버스,ride,4,4201009,성산면사무소,338,6042,5.594174,True
2025,42002115,941-1,강릉-동진버스,ride,5,4200935,목계마을회관,231,6042,3.823237,True
2025,42002116,942,강릉-동진버스,goff,1,4200252,신영극장,1976,3221,61.347408,True
2025,42002116,942,강릉-동진버스,goff,2,4201008,성산면사무소,232,3221,7.202732,True
2025,42002116,942,강릉-동진버스,goff,3,4200900,닭목골,211,3221,6.550761,True
2025,42002116,942,강릉-동진버스,goff,4,4200896,왕산골,177,3221,5.495188,True
2025,42002116,942,강릉-동진버스,goff,5,4200892,임내폭포,165,3221,5.122633,True
2025,42002116,942,강릉-동진버스,ride,1,4200253,교보생명,3107,8048,38.605865,True
2025,42002116,942,강릉-동진버스,ride,2,4200911,도화목이,765,8048,9.505467,True
2025,42002116,942,강릉-동진버스,ride,3,4200916,고단2.3리교차로,593,8048,7.36829,True
2025,42002116,942,강릉-동진버스,ride,4,4200915,감자채종포마을,515,8048,6.399105,True
2025,42002116,942,강릉-동진버스,ride,5,4200913,대기1리경로당,395,8048,4.908052,True
2025,42002117,944,강릉-동진버스,goff,1,4200252,신영극장,1488,2938,50.646698,True
2025,42002117,944,강릉-동진버스,goff,2,4201008,성산면사무소,404,2938,13.750851,True
2025,42002117,944,강릉-동진버스,goff,3,4200998,보광리체험학습장,302,2938,10.279101,True
2025,42002117,944,강릉-동진버스,goff,4,4200977,보광리체험학습장,161,2938,5.479918,True
2025,42002117,944,강릉-동진버스,goff,5,4200987,삼왕,129,2938,4.390742,True
2025,42002117,944,강릉-동진버스,ride,1,4200253,교보생명,4072,10886,37.405842,True
2025,42002117,944,강릉-동진버스,ride,2,4200977,보광리체험학습장,1750,10886,16.075694,True
2025,42002117,944,강릉-동진버스,ride,3,4200994,보광본동,1298,10886,11.923572,True
2025,42002117,944,강릉-동진버스,ride,4,4201009,성산면사무소,1118,10886,10.270072,True
2025,42002117,944,강릉-동진버스,ride,5,4200988,기도원삼거리,700,10886,6.430277,True
2025,42002118,945,강릉-동진버스,goff,1,4200252,신영극장,1168,1927,60.612351,True
2025,42002118,945,강릉-동진버스,goff,2,4200967,대관령박물관,158,1927,8.199273,True
2025,42002118,945,강릉-동진버스,goff,3,4201008,성산면사무소,156,1927,8.095485,True
2025,42002118,945,강릉-동진버스,goff,4,4200972,어흘리.굴면동,105,1927,5.448884,True
2025,42002118,945,강릉-동진버스,goff,5,4200797,KTX공영주차장환승장,81,1927,4.203425,True
2025,42002118,945,강릉-동진버스,ride,1,4200253,교보생명,1552,3893,39.866427,True
2025,42002118,945,강릉-동진버스,ride,2,4200969,가마골,718,3893,18.44336,True
2025,42002118,945,강릉-동진버스,ride,3,4201412,어흘리산림관광안내센터,613,3893,15.746211,True
2025,42002118,945,강릉-동진버스,ride,4,4200968,대관령박물관,338,3893,8.68225,True
2025,42002118,945,강릉-동진버스,ride,5,4200966,어흘리.굴면동,313,3893,8.040072,True
2025,42002119,946,강릉-동진버스,goff,1,4200252,신영극장,926,1444,64.127424,True
2025,42002119,946,강릉-동진버스,goff,2,4200863,관음1리,176,1444,12.188366,True
2025,42002119,946,강릉-동진버스,goff,3,4200862,금산남밭,163,1444,11.288089,True
2025,42002119,946,강릉-동진버스,goff,4,4200871,안곡약수터입구,60,1444,4.155125,True
2025,42002119,946,강릉-동진버스,goff,5,4200797,KTX공영주차장환승장,46,1444,3.185596,True
2025,42002119,946,강릉-동진버스,ride,1,4200253,교보생명,923,2878,32.070883,True
2025,42002119,946,강릉-동진버스,ride,2,4200863,관음1리,627,2878,21.785962,True
2025,42002119,946,강릉-동진버스,ride,3,4200865,안곡,386,2878,13.412092,True
2025,42002119,946,강릉-동진버스,ride,4,4200020,안곡약수터입구,324,2878,11.257818,True
2025,42002119,946,강릉-동진버스,ride,5,4200866,삼거리,206,2878,7.157748,True
2025,42002120,947,강릉-동진버스,goff,1,4200252,신영극장,414,681,60.792952,True
2025,42002120,947,강릉-동진버스,goff,2,4201008,성산면사무소,70,681,10.279001,True
2025,42002120,947,강릉-동진버스,goff,3,4200885,심불사입구,56,681,8.223201,True
2025,42002120,947,강릉-동진버스,goff,4,4200877,산북,34,681,4.992658,True
2025,42002120,947,강릉-동진버스,goff,4,4200883,덕중상사입구,34,681,4.992658,True
2025,42002120,947,강릉-동진버스,ride,1,4200253,교보생명,520,2143,24.265049,True
2025,42002120,947,강릉-동진버스,ride,2,4200886,자포골,383,2143,17.872142,True
2025,42002120,947,강릉-동진버스,ride,3,4200876,산북2리경로당,355,2143,16.565562,True
2025,42002120,947,강릉-동진버스,ride,4,4200882,덕중상사입구,314,2143,14.652357,True
2025,42002120,947,강릉-동진버스,ride,5,4200877,산북,214,2143,9.986001,True
2025,42002121,952,강릉-동진버스,goff,1,4201198,남대천.강릉교,2330,2934,79.41377,True
2025,42002121,952,강릉-동진버스,goff,2,4200016,강동종합복지회관,130,2934,4.430811,True
2025,42002121,952,강릉-동진버스,goff,3,4201165,송담서원,94,2934,3.203817,True
2025,42002121,952,강릉-동진버스,goff,4,4201153,버당말,93,2934,3.169734,True
2025,42002121,952,강릉-동진버스,goff,5,4201164,언별2리,82,2934,2.794819,True
2025,42002121,952,강릉-동진버스,ride,1,4201199,남대천.강릉교,1678,7051,23.798043,True
2025,42002121,952,강릉-동진버스,ride,2,4201198,남대천.강릉교,1146,7051,16.253014,True
2025,42002121,952,강릉-동진버스,ride,3,4201164,언별2리,1145,7051,16.238831,True
2025,42002121,952,강릉-동진버스,ride,4,4201153,버당말,1006,7051,14.26748,True
2025,42002121,952,강릉-동진버스,ride,5,4201155,모전1리,462,7051,6.552262,True
2025,42002123,953,강릉-동진버스,goff,1,4201198,남대천.강릉교,2085,3507,59.452524,True
2025,42002123,953,강릉-동진버스,goff,2,4200016,강동종합복지회관,289,3507,8.240662,True
2025,42002123,953,강릉-동진버스,goff,3,4200583,임곡1리마을회관,192,3507,5.474765,True
2025,42002123,953,강릉-동진버스,goff,4,4200595,산두골,167,3507,4.761905,True
2025,42002123,953,강릉-동진버스,goff,5,4201177,강동면사무소,103,3507,2.936983,True
2025,42002123,953,강릉-동진버스,ride,1,4201199,남대천.강릉교,3009,12447,24.1745,True
2025,42002123,953,강릉-동진버스,ride,2,4201198,남대천.강릉교,2410,12447,19.362095,True
2025,42002123,953,강릉-동진버스,ride,3,4200582,임곡1리마을회관,946,12447,7.600225,True
2025,42002123,953,강릉-동진버스,ride,4,4200573,임곡,909,12447,7.302965,True
2025,42002123,953,강릉-동진버스,ride,5,4200594,산두골,829,12447,6.660239,True
2025,42002124,954,강릉-동진버스,goff,1,4201198,남대천.강릉교,1380,1795,76.880223,True
2025,42002124,954,강릉-동진버스,goff,2,4201071,철길건널목앞,168,1795,9.359331,True
2025,42002124,954,강릉-동진버스,goff,3,4201062,공군부대후문,61,1795,3.398329,True
2025,42002124,954,강릉-동진버스,goff,4,4201065,하시동3리마을회관,45,1795,2.506964,True
2025,42002124,954,강릉-동진버스,goff,5,4201199,남대천.강릉교,38,1795,2.116992,True
2025,42002124,954,강릉-동진버스,ride,1,4200028,하시동3리마을회관,2028,6604,30.708661,True
2025,42002124,954,강릉-동진버스,ride,2,4201199,남대천.강릉교,1687,6604,25.545124,True
2025,42002124,954,강릉-동진버스,ride,3,4201198,남대천.강릉교,1057,6604,16.005451,True
2025,42002124,954,강릉-동진버스,ride,4,4201062,공군부대후문,1022,6604,15.475469,True
2025,42002124,954,강릉-동진버스,ride,5,4201070,철길건널목앞,398,6604,6.026651,True
2025,42002125,955,강릉-동진버스,goff,1,4201198,남대천.강릉교,1865,2562,72.794692,True
2025,42002125,955,강릉-동진버스,goff,2,4201199,남대천.강릉교,181,2562,7.064793,True
2025,42002125,955,강릉-동진버스,goff,3,4200605,신석종점,79,2562,3.083528,True
2025,42002125,955,강릉-동진버스,goff,4,4200571,신석입구,68,2562,2.654176,True
2025,42002125,955,강릉-동진버스,goff,5,4201183,독송마을회관,63,2562,2.459016,True
2025,42002125,955,강릉-동진버스,ride,1,4201199,남대천.강릉교,2088,8872,23.534716,True
2025,42002125,955,강릉-동진버스,ride,2,4201198,남대천.강릉교,1478,8872,16.659152,True
2025,42002125,955,강릉-동진버스,ride,3,4201058,오리들마을,1324,8872,14.923354,True
2025,42002125,955,강릉-동진버스,ride,4,4200610,신석회관,903,8872,10.178088,True
2025,42002125,955,강릉-동진버스,ride,5,4200602,운산분교,868,8872,9.783589,True
2025,42002127,956-1,강릉-동진버스,goff,1,4200019,강동무료주차장,381,526,72.43346,True
2025,42002127,956-1,강릉-동진버스,goff,2,4202032,옥계현내시장,104,526,19.771863,True
2025,42002127,956-1,강릉-동진버스,goff,3,4201094,낙풍리입구,11,526,2.091255,True
2025,42002127,956-1,강릉-동진버스,goff,4,4202052,옥계면사무소,9,526,1.711027,True
2025,42002127,956-1,강릉-동진버스,goff,5,4200046,현내리,6,526,1.140684,True
2025,42002127,956-1,강릉-동진버스,ride,1,4202032,옥계현내시장,235,806,29.156328,True
2025,42002127,956-1,강릉-동진버스,ride,2,4200005,강동무료주차장,125,806,15.508685,True
2025,42002127,956-1,강릉-동진버스,ride,3,4201078,오리동,120,806,14.888337,True
2025,42002127,956-1,강릉-동진버스,ride,4,4201074,분수동,73,806,9.057072,True
2025,42002127,956-1,강릉-동진버스,ride,5,4200034,현내리,69,806,8.560794,True
2025,42002128,957,강릉-동진버스,goff,1,4200019,강동무료주차장,638,947,67.370644,True
2025,42002128,957,강릉-동진버스,goff,2,4201083,산성우2리마을회관,86,947,9.081309,True
2025,42002128,957,강릉-동진버스,goff,3,4202032,옥계현내시장,81,947,8.553326,True
2025,42002128,957,강릉-동진버스,goff,4,4201091,피내,54,947,5.702218,True
2025,42002128,957,강릉-동진버스,goff,5,4201084,산성우2리,26,947,2.745512,True
2025,42002128,957,강릉-동진버스,ride,1,4200005,강동무료주차장,339,1585,21.388013,True
2025,42002128,957,강릉-동진버스,ride,2,4201090,피내,246,1585,15.520505,True
2025,42002128,957,강릉-동진버스,ride,3,4200019,강동무료주차장,238,1585,15.015773,True
2025,42002128,957,강릉-동진버스,ride,4,4201083,산성우2리마을회관,208,1585,13.123028,True
2025,42002128,957,강릉-동진버스,ride,5,4201075,분수동,189,1585,11.92429,True
2025,42002129,957-1,강릉-동진버스,goff,1,4201083,산성우2리마을회관,32,45,71.111111,True
2025,42002129,957-1,강릉-동진버스,goff,2,4200019,강동무료주차장,13,45,28.888889,True
2025,42002129,957-1,강릉-동진버스,ride,1,4201083,산성우2리마을회관,70,113,61.946903,True
2025,42002129,957-1,강릉-동진버스,ride,2,4200005,강동무료주차장,26,113,23.00885,True
2025,42002129,957-1,강릉-동진버스,ride,3,4201091,피내,13,113,11.504425,True
2025,42002129,957-1,강릉-동진버스,ride,4,4201075,분수동,3,113,2.654867,True
2025,42002129,957-1,강릉-동진버스,ride,5,4200019,강동무료주차장,1,113,0.884956,True
2025,42002130,958,강릉-동진버스,goff,1,4201121,모래시계공원,2968,10648,27.873779,True
2025,42002130,958,강릉-동진버스,goff,2,4201119,정동해변,2607,10648,24.483471,True
2025,42002130,958,강릉-동진버스,goff,3,4201127,정동진역,1389,10648,13.044703,True
2025,42002130,958,강릉-동진버스,goff,4,4201110,심곡,1304,10648,12.246431,True
2025,42002130,958,강릉-동진버스,goff,5,4201118,썬크루즈,520,10648,4.883546,True
2025,42002130,958,강릉-동진버스,ride,1,4201111,심곡,7625,15838,48.143705,True
2025,42002130,958,강릉-동진버스,ride,2,4201128,정동진역,1997,15838,12.608915,True
2025,42002130,958,강릉-동진버스,ride,3,4200017,금진해양파출소,1636,15838,10.329587,True
2025,42002130,958,강릉-동진버스,ride,4,4201120,정동해변,1263,15838,7.974492,True
2025,42002130,958,강릉-동진버스,ride,5,4201119,정동해변,503,15838,3.175906,True
2025,42002131,504-1,강릉-동진버스,goff,1,4200252,신영극장,48079,215039,22.35827,True
2025,42002131,504-1,강릉-동진버스,goff,2,4200253,교보생명,46148,215039,21.460293,True
2025,42002131,504-1,강릉-동진버스,goff,3,4201044,안목커피거리,12641,215039,5.878469,True
2025,42002131,504-1,강릉-동진버스,goff,4,4201030,홍제동주민센터,10187,215039,4.73728,True
2025,42002131,504-1,강릉-동진버스,goff,5,4201022,강릉영동대학,8790,215039,4.087631,True
2025,42002131,504-1,강릉-동진버스,ride,1,4200252,신영극장,51477,408581,12.598971,True
2025,42002131,504-1,강릉-동진버스,ride,2,4200253,교보생명,46978,408581,11.497843,True
2025,42002131,504-1,강릉-동진버스,ride,3,4201021,강릉영동대학,35658,408581,8.727278,True
2025,42002131,504-1,강릉-동진버스,ride,4,4200067,홍제동주민센터,32800,408581,8.027784,True
2025,42002131,504-1,강릉-동진버스,ride,5,4200274,송정노인회관,20932,408581,5.123097,True
2025,42002132,504-2,강릉-동진버스,goff,1,4201030,홍제동주민센터,626,2131,29.37588,True
2025,42002132,504-2,강릉-동진버스,goff,2,4200253,교보생명,475,2131,22.290005,True
2025,42002132,504-2,강릉-동진버스,goff,3,4201022,강릉영동대학,158,2131,7.414359,True
2025,42002132,504-2,강릉-동진버스,goff,4,4200095,한국자산관리공사,138,2131,6.475833,True
2025,42002132,504-2,강릉-동진버스,goff,5,4200850,강릉의료원,137,2131,6.428907,True
2025,42002132,504-2,강릉-동진버스,ride,1,4200288,경포고교,2805,7234,38.775228,True
2025,42002132,504-2,강릉-동진버스,ride,2,4200253,교보생명,1208,7234,16.698922,True
2025,42002132,504-2,강릉-동진버스,ride,3,4200262,로얄아파트.포남1동주민센터,484,7234,6.690628,True
2025,42002132,504-2,강릉-동진버스,ride,4,4200289,한솔초교,362,7234,5.004147,True
2025,42002132,504-2,강릉-동진버스,ride,5,4200106,KT,339,7234,4.686204,True
2025,42002133,951,강릉-동진버스,goff,1,4201198,남대천.강릉교,2480,3907,63.475813,True
2025,42002133,951,강릉-동진버스,goff,2,4201152,버당말,351,3907,8.983875,True
2025,42002133,951,강릉-동진버스,goff,3,4200016,강동종합복지회관,261,3907,6.680317,True
2025,42002133,951,강릉-동진버스,goff,4,4200031,모전리.돌평,148,3907,3.788073,True
2025,42002133,951,강릉-동진버스,goff,5,4201165,송담서원,144,3907,3.685692,True
2025,42002133,951,강릉-동진버스,ride,1,4201199,남대천.강릉교,3002,10546,28.465769,True
2025,42002133,951,강릉-동진버스,ride,2,4201198,남대천.강릉교,1943,10546,18.424047,True
2025,42002133,951,강릉-동진버스,ride,3,4200031,모전리.돌평,1333,10546,12.639863,True
2025,42002133,951,강릉-동진버스,ride,4,4201173,상시동,730,10546,6.922056,True
2025,42002133,951,강릉-동진버스,ride,5,4201165,송담서원,585,10546,5.547127,True
2025,42002135,941-2,강릉-동진버스,goff,1,4200252,신영극장,1065,2122,50.188501,True
2025,42002135,941-2,강릉-동진버스,goff,2,4201008,성산면사무소,251,2122,11.828464,True
2025,42002135,941-2,강릉-동진버스,goff,3,4200954,도마1리경로당,130,2122,6.126296,True
2025,42002135,941-2,강릉-동진버스,goff,4,4200948,탑동교,90,2122,4.241282,True
2025,42002135,941-2,강릉-동진버스,goff,5,4200951,왕산면사무소앞,85,2122,4.005655,True
2025,42002135,941-2,강릉-동진버스,ride,1,4200253,교보생명,1821,5052,36.045131,True
2025,42002135,941-2,강릉-동진버스,ride,2,4200951,왕산면사무소앞,826,5052,16.34996,True
2025,42002135,941-2,강릉-동진버스,ride,3,4200939,방터골입구,231,5052,4.572447,True
2025,42002135,941-2,강릉-동진버스,ride,4,4200935,목계마을회관,224,5052,4.433888,True
2025,42002135,941-2,강릉-동진버스,ride,5,4200947,탑동교,221,5052,4.374505,True
2025,42002136,943,강릉-동진버스,goff,1,4200252,신영극장,1119,2182,51.283226,True
2025,42002136,943,강릉-동진버스,goff,2,4200556,위촌리,223,2182,10.219982,True
2025,42002136,943,강릉-동진버스,goff,3,4201399,항생골입구,201,2182,9.211732,True
2025,42002136,943,강릉-동진버스,goff,4,4200797,KTX공영주차장환승장,193,2182,8.845096,True
2025,42002136,943,강릉-동진버스,goff,5,4201401,위촌1리마을회관,132,2182,6.049496,True
2025,42002136,943,강릉-동진버스,ride,1,4200253,교보생명,2326,5132,45.323461,True
2025,42002136,943,강릉-동진버스,ride,2,4200557,위촌2리경로당,551,5132,10.736555,True
2025,42002136,943,강릉-동진버스,ride,3,4201408,위촌리,358,5132,6.975838,True
2025,42002136,943,강릉-동진버스,ride,4,4201400,항생골입구,302,5132,5.884645,True
2025,42002136,943,강릉-동진버스,ride,5,4201402,위촌1리마을회관,280,5132,5.455963,True
2025,42002137,943-1,강릉-동진버스,goff,1,4200252,신영극장,767,1790,42.849162,True
2025,42002137,943-1,강릉-동진버스,goff,2,4200138,즈므.과학단지,320,1790,17.877095,True
2025,42002137,943-1,강릉-동진버스,goff,3,4200558,위촌2리경로당,172,1790,9.608939,True
2025,42002137,943-1,강릉-동진버스,goff,4,4209992,형제막국수,133,1790,7.430168,True
2025,42002137,943-1,강릉-동진버스,goff,5,4200374,송암리노인복지회관,129,1790,7.206704,True
2025,42002137,943-1,강릉-동진버스,ride,1,4200253,교보생명,3041,5201,58.469525,True
2025,42002137,943-1,강릉-동진버스,ride,2,4200373,송암리노인복지회관,636,5201,12.228418,True
2025,42002137,943-1,강릉-동진버스,ride,3,4200561,위촌1교,338,5201,6.49875,True
2025,42002137,943-1,강릉-동진버스,ride,4,4209994,위촌2리경로당,259,5201,4.979812,True
2025,42002137,943-1,강릉-동진버스,ride,5,4200559,송양초교,238,5201,4.576043,True
2025,42002138,943-2,강릉-동진버스,goff,1,4200252,신영극장,478,837,57.108722,True
2025,42002138,943-2,강릉-동진버스,goff,2,4209992,형제막국수,180,837,21.505376,True
2025,42002138,943-2,강릉-동진버스,goff,3,4200138,즈므.과학단지,90,837,10.752688,True
2025,42002138,943-2,강릉-동진버스,goff,4,4200556,위촌리,36,837,4.301075,True
2025,42002138,943-2,강릉-동진버스,goff,5,4200558,위촌2리경로당,10,837,1.194743,True
2025,42002138,943-2,강릉-동진버스,goff,5,4200797,KTX공영주차장환승장,10,837,1.194743,True
2025,42002138,943-2,강릉-동진버스,ride,1,4200373,송암리노인복지회관,675,2295,29.411765,True
2025,42002138,943-2,강릉-동진버스,ride,2,4200372,송암,278,2295,12.11329,True
2025,42002138,943-2,강릉-동진버스,ride,3,4200559,송양초교,270,2295,11.764706,True
2025,42002138,943-2,강릉-동진버스,ride,4,4201406,지암사입구,256,2295,11.154684,True
2025,42002138,943-2,강릉-동진버스,ride,5,4200557,위촌2리경로당,251,2295,10.936819,True
2025,42002139,944-1,강릉-동진버스,goff,1,4200252,신영극장,727,1349,53.891772,True
2025,42002139,944-1,강릉-동진버스,goff,2,4201008,성산면사무소,256,1349,18.97702,True
2025,42002139,944-1,강릉-동진버스,goff,3,4200998,보광리체험학습장,66,1349,4.892513,True
2025,42002139,944-1,강릉-동진버스,goff,4,4200797,KTX공영주차장환승장,50,1349,3.706449,True
2025,42002139,944-1,강릉-동진버스,goff,5,4200987,삼왕,46,1349,3.409933,True
2025,42002139,944-1,강릉-동진버스,ride,1,4200253,교보생명,1545,3996,38.663664,True
2025,42002139,944-1,강릉-동진버스,ride,2,4200994,보광본동,434,3996,10.860861,True
2025,42002139,944-1,강릉-동진버스,ride,3,4200974,샘골식당,247,3996,6.181181,True
2025,42002139,944-1,강릉-동진버스,ride,4,4200538,망월이마을,240,3996,6.006006,True
2025,42002139,944-1,강릉-동진버스,ride,5,4200987,삼왕,223,3996,5.580581,True
2025,42002141,시티1,강릉-동진버스,goff,1,4200244,안목커피거리,9140,67549,13.530918,True
2025,42002141,시티1,강릉-동진버스,goff,2,4200613,강문해변,7102,67549,10.513849,True
2025,42002141,시티1,강릉-동진버스,goff,3,4201242,경포해변,5686,67549,8.417593,True
2025,42002141,시티1,강릉-동진버스,goff,4,4201276,주문진수산시장,4812,67549,7.123718,True
2025,42002141,시티1,강릉-동진버스,goff,5,4201262,안목해변,3918,67549,5.800234,True
2025,42002141,시티1,강릉-동진버스,ride,1,4201275,주문진수산시장,6798,83579,8.133622,True
2025,42002141,시티1,강릉-동진버스,ride,2,4201242,경포해변,5207,83579,6.230034,True
2025,42002141,시티1,강릉-동진버스,ride,3,4200323,경포해변,4506,83579,5.391306,True
2025,42002141,시티1,강릉-동진버스,ride,4,4201263,안목해변,4307,83579,5.153208,True
2025,42002141,시티1,강릉-동진버스,ride,5,4200244,안목커피거리,4255,83579,5.090992,True
2025,42002142,924,강릉-동진버스,goff,1,4200212,연곡면사무소,44,79,55.696203,True
2025,42002142,924,강릉-동진버스,goff,2,4201271,영진해변,15,79,18.987342,True
2025,42002142,924,강릉-동진버스,goff,3,4200450,연곡해변,8,79,10.126582,True
2025,42002142,924,강릉-동진버스,goff,4,4201270,영진항,7,79,8.860759,True
2025,42002142,924,강릉-동진버스,goff,5,4200211,삼천리아파트,5,79,6.329114,True
2025,42002142,924,강릉-동진버스,ride,1,4200212,연곡면사무소,93,136,68.382353,True
2025,42002142,924,강릉-동진버스,ride,2,4200450,연곡해변,17,136,12.5,True
2025,42002142,924,강릉-동진버스,ride,3,4201271,영진해변,15,136,11.029412,True
2025,42002142,924,강릉-동진버스,ride,4,4201270,영진항,6,136,4.411765,True
2025,42002142,924,강릉-동진버스,ride,5,4200211,삼천리아파트,5,136,3.676471,True
2025,42002143,945-1,강릉-동진버스,goff,1,4200252,신영극장,558,1486,37.550471,True
2025,42002143,945-1,강릉-동진버스,goff,2,4200533,가마골,283,1486,19.044415,True
2025,42002143,945-1,강릉-동진버스,goff,3,4200967,대관령박물관,208,1486,13.997308,True
2025,42002143,945-1,강릉-동진버스,goff,4,4201008,성산면사무소,111,1486,7.469717,True
2025,42002143,945-1,강릉-동진버스,goff,5,4200972,어흘리.굴면동,98,1486,6.594886,True
2025,42002143,945-1,강릉-동진버스,ride,1,4200253,교보생명,1535,3094,49.612153,True
2025,42002143,945-1,강릉-동진버스,ride,2,4200533,가마골,396,3094,12.798966,True
2025,42002143,945-1,강릉-동진버스,ride,3,4200967,대관령박물관,177,3094,5.72075,True
2025,42002143,945-1,강릉-동진버스,ride,4,4200977,보광리체험학습장,175,3094,5.656109,True
2025,42002143,945-1,강릉-동진버스,ride,5,4200540,보광리,137,3094,4.427925,True
2025,42002144,206-1,강릉-동진버스,goff,1,4200252,신영극장,3524,20695,17.028268,True
2025,42002144,206-1,강릉-동진버스,goff,2,4200253,교보생명,2422,20695,11.70331,True
2025,42002144,206-1,강릉-동진버스,goff,3,4200120,강릉시외.고속터미널,1660,20695,8.021261,True
2025,42002144,206-1,강릉-동진버스,goff,4,4200047,강릉고정문,1384,20695,6.687606,True
2025,42002144,206-1,강릉-동진버스,goff,5,4200530,주공2차아파트,775,20695,3.744866,True
2025,42002144,206-1,강릉-동진버스,ride,1,4200253,교보생명,6411,38948,16.460409,True
2025,42002144,206-1,강릉-동진버스,ride,2,4200252,신영극장,4382,38948,11.250899,True
2025,42002144,206-1,강릉-동진버스,ride,3,4200121,강릉시외.고속터미널,3621,38948,9.297011,True
2025,42002144,206-1,강릉-동진버스,ride,4,4200251,한국은행,2226,38948,5.715313,True
2025,42002144,206-1,강릉-동진버스,ride,5,4200011,동부아파트,1856,38948,4.765328,True
2025,42002144,206-1,강릉-동진버스,ride,5,4200128,구름다리,1856,38948,4.765328,True
2025,42002145,913,강릉-동진버스,goff,1,4200194,주문진항입구,1010,2474,40.824576,True
2025,42002145,913,강릉-동진버스,goff,2,4200520,우신아파트,537,2474,21.70574,True
2025,42002145,913,강릉-동진버스,goff,3,4200197,작은다리,425,2474,17.178658,True
2025,42002145,913,강릉-동진버스,goff,4,4201232,원마트,237,2474,9.579628,True
2025,42002145,913,강릉-동진버스,goff,5,4200448,주문진시외버스터미널,113,2474,4.567502,True
2025,42002145,913,강릉-동진버스,ride,1,4200520,우신아파트,3586,4991,71.849329,True
2025,42002145,913,강릉-동진버스,ride,2,4200196,작은다리,541,4991,10.839511,True
2025,42002145,913,강릉-동진버스,ride,3,4200195,주문진항입구,331,4991,6.631937,True
2025,42002145,913,강릉-동진버스,ride,4,4200448,주문진시외버스터미널,248,4991,4.968944,True
2025,42002145,913,강릉-동진버스,ride,5,4200198,원마트,185,4991,3.706672,True
2025,42002146,971,강릉-동진버스,goff,1,4200814,구정면사무소,57,272,20.955882,True
2025,42002146,971,강릉-동진버스,goff,2,4200813,구정면사무소,44,272,16.176471,True
2025,42002146,971,강릉-동진버스,goff,3,4200642,한빛마을입구,34,272,12.5,True
2025,42002146,971,강릉-동진버스,goff,4,4200812,구정보건지소,27,272,9.926471,True
2025,42002146,971,강릉-동진버스,goff,5,4200811,구정자율방범대,24,272,8.823529,True
2025,42002146,971,강릉-동진버스,ride,1,4200814,구정면사무소,58,433,13.394919,True
2025,42002146,971,강릉-동진버스,ride,2,4200009,강릉솔향수목원,56,433,12.933025,True
2025,42002146,971,강릉-동진버스,ride,3,4200812,구정보건지소,53,433,12.240185,True
2025,42002146,971,강릉-동진버스,ride,4,4200641,한빛마을입구,51,433,11.778291,True
2025,42002146,971,강릉-동진버스,ride,5,4200709,학산2리마을회관,40,433,9.237875,True
2025,42002147,965,강릉-동진버스,goff,1,4202052,옥계면사무소,5,9,55.555556,True
2025,42002147,965,강릉-동진버스,goff,2,4202032,옥계현내시장,3,9,33.333333,True
2025,42002147,965,강릉-동진버스,goff,3,4201199,남대천.강릉교,1,9,11.111111,True
2025,42002147,965,강릉-동진버스,ride,1,4201199,남대천.강릉교,60,72,83.333333,True
2025,42002147,965,강릉-동진버스,ride,2,4200293,강릉역건너편,7,72,9.722222,True
2025,42002147,965,강릉-동진버스,ride,3,4200095,한국자산관리공사,3,72,4.166667,True
2025,42002147,965,강릉-동진버스,ride,4,4201197,강릉중입구,2,72,2.777778,True
2025,42002151,212,강릉-동진버스,goff,1,4200047,강릉고정문,1707,10585,16.126594,True
2025,42002151,212,강릉-동진버스,goff,2,4200253,교보생명,1422,10585,13.434105,True
2025,42002151,212,강릉-동진버스,goff,3,4200121,강릉시외.고속터미널,1219,10585,11.516297,True
2025,42002151,212,강릉-동진버스,goff,4,4201044,안목커피거리,1018,10585,9.617383,True
2025,42002151,212,강릉-동진버스,goff,5,4202156,세인트존스호텔,740,10585,6.991025,True
2025,42002151,212,강릉-동진버스,ride,1,4200721,강릉역,3104,18902,16.421543,True
2025,42002151,212,강릉-동진버스,ride,2,4200121,강릉시외.고속터미널,1789,18902,9.464607,True
2025,42002151,212,강릉-동진버스,ride,3,4200253,교보생명,1631,18902,8.628717,True
2025,42002151,212,강릉-동진버스,ride,4,4202154,롯데캐슬시그니처,1577,18902,8.343032,True
2025,42002151,212,강릉-동진버스,ride,5,4200274,송정노인회관,951,18902,5.031214,True
2025,42002152,212-1,강릉-동진버스,goff,1,4200252,신영극장,2241,9117,24.580454,True
2025,42002152,212-1,강릉-동진버스,goff,2,4201044,안목커피거리,1197,9117,13.129319,True
2025,42002152,212-1,강릉-동진버스,goff,3,4200121,강릉시외.고속터미널,682,9117,7.480531,True
2025,42002152,212-1,강릉-동진버스,goff,4,4200721,강릉역,604,9117,6.624986,True
2025,42002152,212-1,강릉-동진버스,goff,5,4200249,용강동서부시장,519,9117,5.692662,True
2025,42002152,212-1,강릉-동진버스,ride,1,4200121,강릉시외.고속터미널,3327,14342,23.197601,True
2025,42002152,212-1,강릉-동진버스,ride,2,4200252,신영극장,2577,14342,17.968205,True
2025,42002152,212-1,강릉-동진버스,ride,3,4201043,안목,924,14342,6.442616,True
2025,42002152,212-1,강릉-동진버스,ride,4,4200721,강릉역,878,14342,6.12188,True
2025,42002152,212-1,강릉-동진버스,ride,5,4200119,터미널오거리,521,14342,3.632687,True
2025,42002153,300-2(강릉역),강릉-동진버스,goff,1,4200252,신영극장,371,1090,34.036697,True
2025,42002153,300-2(강릉역),강릉-동진버스,goff,2,4200249,용강동서부시장,95,1090,8.715596,True
2025,42002153,300-2(강릉역),강릉-동진버스,goff,3,4200293,강릉역건너편,62,1090,5.688073,True
2025,42002153,300-2(강릉역),강릉-동진버스,goff,4,4201227,연곡면사무소,44,1090,4.036697,True
2025,42002153,300-2(강릉역),강릉-동진버스,goff,5,4200247,강릉제일고,37,1090,3.394495,True
2025,42002153,300-2(강릉역),강릉-동진버스,goff,5,4201206,입암2.3주공,37,1090,3.394495,True
2025,42002153,300-2(강릉역),강릉-동진버스,ride,1,4200252,신영극장,210,2151,9.762901,True
2025,42002153,300-2(강릉역),강릉-동진버스,ride,2,4200197,작은다리,184,2151,8.554161,True
2025,42002153,300-2(강릉역),강릉-동진버스,ride,3,4200201,양조장,172,2151,7.996281,True
2025,42002153,300-2(강릉역),강릉-동진버스,ride,4,4200317,강릉아산병원.강릉약국,144,2151,6.694561,True
2025,42002153,300-2(강릉역),강릉-동진버스,ride,5,4201232,원마트,112,2151,5.206881,True
2025,42091001,200,강릉-동해상사,goff,1,4200252,신영극장,12053,64059,18.815467,True
2025,42091001,200,강릉-동해상사,goff,2,4200253,교보생명,8824,64059,13.774801,True
2025,42091001,200,강릉-동해상사,goff,3,4201044,안목커피거리,3831,64059,5.980424,True
2025,42091001,200,강릉-동해상사,goff,4,4200356,강원대학교,2755,64059,4.300723,True
2025,42091001,200,강릉-동해상사,goff,5,4200249,용강동서부시장,2695,64059,4.207059,True
2025,42091001,200,강릉-동해상사,ride,1,4200252,신영극장,24245,141248,17.164845,True
2025,42091001,200,강릉-동해상사,ride,2,4200356,강원대학교,12657,141248,8.960835,True
2025,42091001,200,강릉-동해상사,ride,3,4200253,교보생명,10398,141248,7.36152,True
2025,42091001,200,강릉-동해상사,ride,4,4200087,강원대학교후문,9028,141248,6.391595,True
2025,42091001,200,강릉-동해상사,ride,5,4200088,문성고등학교,6283,141248,4.448205,True
2025,42091002,202,강릉-동해상사,goff,1,4200253,교보생명,13211,63457,20.818822,True
2025,42091002,202,강릉-동해상사,goff,2,4200293,강릉역건너편,7336,63457,11.560584,True
2025,42091002,202,강릉-동해상사,goff,3,4200120,강릉시외.고속터미널,6618,63457,10.429109,True
2025,42091002,202,강릉-동해상사,goff,4,4201242,경포해변,5754,63457,9.067558,True
2025,42091002,202,강릉-동해상사,goff,5,4200127,구름다리,3088,63457,4.866287,True
2025,42091002,202,강릉-동해상사,ride,1,4200253,교보생명,20409,108313,18.842614,True
2025,42091002,202,강릉-동해상사,ride,2,4201242,경포해변,14144,108313,13.058451,True
2025,42091002,202,강릉-동해상사,ride,3,4201260,강문해변입구,10464,108313,9.66089,True
2025,42091002,202,강릉-동해상사,ride,4,4200251,한국은행,7956,108313,7.345379,True
2025,42091002,202,강릉-동해상사,ride,5,4200293,강릉역건너편,5067,108313,4.678109,True
2025,42091003,206,강릉-동해상사,goff,1,4200252,신영극장,15497,77251,20.060582,True
2025,42091003,206,강릉-동해상사,goff,2,4200253,교보생명,8112,77251,10.500835,True
2025,42091003,206,강릉-동해상사,goff,3,4200120,강릉시외.고속터미널,5086,77251,6.583734,True
2025,42091003,206,강릉-동해상사,goff,4,4200249,용강동서부시장,4019,77251,5.202522,True
2025,42091003,206,강릉-동해상사,goff,5,4200127,구름다리,3860,77251,4.996699,True
2025,42091003,206,강릉-동해상사,ride,1,4200253,교보생명,23430,168745,13.884856,True
2025,42091003,206,강릉-동해상사,ride,2,4200252,신영극장,19656,168745,11.648345,True
2025,42091003,206,강릉-동해상사,ride,3,4200128,구름다리,11122,168745,6.59101,True
2025,42091003,206,강릉-동해상사,ride,4,4200121,강릉시외.고속터미널,10792,168745,6.395449,True
2025,42091003,206,강릉-동해상사,ride,5,4200251,한국은행,9947,168745,5.894693,True
2025,42091004,207,강릉-동해상사,goff,1,4200252,신영극장,9161,49155,18.636965,True
2025,42091004,207,강릉-동해상사,goff,2,4200253,교보생명,5569,49155,11.329468,True
2025,42091004,207,강릉-동해상사,goff,3,4200120,강릉시외.고속터미널,2575,49155,5.238531,True
2025,42091004,207,강릉-동해상사,goff,4,4200047,강릉고정문,2366,49155,4.813346,True
2025,42091004,207,강릉-동해상사,goff,5,4200249,용강동서부시장,2189,49155,4.45326,True
2025,42091004,207,강릉-동해상사,ride,1,4200253,교보생명,11812,97887,12.066975,True
2025,42091004,207,강릉-동해상사,ride,2,4200252,신영극장,10775,97887,11.00759,True
2025,42091004,207,강릉-동해상사,ride,3,4200121,강릉시외.고속터미널,6651,97887,6.794569,True
2025,42091004,207,강릉-동해상사,ride,4,4200251,한국은행,5124,97887,5.234607,True
2025,42091004,207,강릉-동해상사,ride,5,4200124,우편집중국,4264,97887,4.356043,True
2025,42091005,300,강릉-동해상사,goff,1,4200253,교보생명,67060,317430,21.125918,True
2025,42091005,300,강릉-동해상사,goff,2,4200196,작은다리,18551,317430,5.844123,True
2025,42091005,300,강릉-동해상사,goff,3,4200721,강릉역,15785,317430,4.97275,True
2025,42091005,300,강릉-동해상사,goff,4,4200198,원마트,12426,317430,3.914564,True
2025,42091005,300,강릉-동해상사,goff,5,4200418,강릉아산병원.강릉약국,12345,317430,3.889046,True
2025,42091005,300,강릉-동해상사,ride,1,4200253,교보생명,119014,622536,19.117609,True
2025,42091005,300,강릉-동해상사,ride,2,4200721,강릉역,52904,622536,8.498143,True
2025,42091005,300,강릉-동해상사,ride,3,4200251,한국은행,37042,622536,5.950178,True
2025,42091005,300,강릉-동해상사,ride,4,4201043,안목,36523,622536,5.866809,True
2025,42091005,300,강릉-동해상사,ride,5,4200274,송정노인회관,26554,622536,4.265456,True
2025,42091006,301 (운행 폐지),강릉-동해상사,ride,1,4200473,향호리,7,9,77.777778,True
2025,42091006,301 (운행 폐지),강릉-동해상사,ride,2,4200184,소돌,1,9,11.111111,True
2025,42091006,301 (운행 폐지),강릉-동해상사,ride,2,4200187,양양고개,1,9,11.111111,True
2025,42091007,302,강릉-동해상사,goff,1,4200253,교보생명,3758,27546,13.642634,True
2025,42091007,302,강릉-동해상사,goff,2,4200196,작은다리,1754,27546,6.367531,True
2025,42091007,302,강릉-동해상사,goff,3,4200446,강릉아산병원(주문진방면),1543,27546,5.601539,True
2025,42091007,302,강릉-동해상사,goff,4,4200120,강릉시외.고속터미널,1518,27546,5.510782,True
2025,42091007,302,강릉-동해상사,goff,5,4200198,원마트,1045,27546,3.793654,True
2025,42091007,302,강릉-동해상사,ride,1,4200253,교보생명,5061,58869,8.597054,True
2025,42091007,302,강릉-동해상사,ride,2,4200120,강릉시외.고속터미널,4501,58869,7.64579,True
2025,42091007,302,강릉-동해상사,ride,3,4200274,송정노인회관,2958,58869,5.024716,True
2025,42091007,302,강릉-동해상사,ride,4,4200721,강릉역,2935,58869,4.985646,True
2025,42091007,302,강릉-동해상사,ride,5,4200134,부영2차아파트,2835,58869,4.815777,True
2025,42091012,315,강릉-동해상사,goff,1,4200121,강릉시외.고속터미널,1025,11847,8.651979,True
2025,42091012,315,강릉-동해상사,goff,2,4200067,홍제동주민센터,622,11847,5.250274,True
2025,42091012,315,강릉-동해상사,goff,3,4200454,작은다리사거리,597,11847,5.03925,True
2025,42091012,315,강릉-동해상사,goff,4,4201146,파란바다지역아동센터,549,11847,4.634085,True
2025,42091012,315,강릉-동해상사,goff,5,4200356,강원대학교,488,11847,4.119186,True
2025,42091012,315,강릉-동해상사,ride,1,4200063,가톨릭관동대학교,2232,24294,9.187454,True
2025,42091012,315,강릉-동해상사,ride,2,4200065,보건소,1380,24294,5.680415,True
2025,42091012,315,강릉-동해상사,ride,3,4200357,내곡교,977,24294,4.021569,True
2025,42091012,315,강릉-동해상사,ride,4,4200120,강릉시외.고속터미널,957,24294,3.939244,True
2025,42091012,315,강릉-동해상사,ride,5,4201237,강릉아산병원(강릉방면),893,24294,3.675805,True
2025,42091015,225,강릉-동해상사,goff,1,4200253,교보생명,1142,5884,19.408566,True
2025,42091015,225,강릉-동해상사,goff,2,4200120,강릉시외.고속터미널,752,5884,12.780421,True
2025,42091015,225,강릉-동해상사,goff,3,4200543,미디어촌5단지,682,5884,11.590755,True
2025,42091015,225,강릉-동해상사,goff,4,4200565,우미린아파트,391,5884,6.645139,True
2025,42091015,225,강릉-동해상사,goff,5,4200067,홍제동주민센터,375,5884,6.373215,True
2025,42091015,225,강릉-동해상사,ride,1,4200253,교보생명,2984,10998,27.132206,True
2025,42091015,225,강릉-동해상사,ride,2,4200251,한국은행,1057,10998,9.610838,True
2025,42091015,225,강릉-동해상사,ride,3,4200721,강릉역,777,10998,7.064921,True
2025,42091015,225,강릉-동해상사,ride,4,4200543,미디어촌5단지,526,10998,4.782688,True
2025,42091015,225,강릉-동해상사,ride,5,4201043,안목,495,10998,4.500818,True
2025,42091016,225-1,강릉-동해상사,goff,1,4200252,신영극장,1427,4846,29.446967,True
2025,42091016,225-1,강릉-동해상사,goff,2,4201044,안목커피거리,641,4846,13.227404,True
2025,42091016,225-1,강릉-동해상사,goff,3,4200293,강릉역건너편,583,4846,12.030541,True
2025,42091016,225-1,강릉-동해상사,goff,4,4200249,용강동서부시장,406,4846,8.378044,True
2025,42091016,225-1,강릉-동해상사,goff,5,4200120,강릉시외.고속터미널,167,4846,3.446141,True
2025,42091016,225-1,강릉-동해상사,ride,1,4200252,신영극장,1465,8274,17.706067,True
2025,42091016,225-1,강릉-동해상사,ride,2,4200121,강릉시외.고속터미널,1114,8274,13.463863,True
2025,42091016,225-1,강릉-동해상사,ride,3,4200543,미디어촌5단지,623,8274,7.529611,True
2025,42091016,225-1,강릉-동해상사,ride,4,4200548,강릉소방서,583,8274,7.046169,True
2025,42091016,225-1,강릉-동해상사,ride,5,4201250,선수촌8단지,547,8274,6.611071,True
2025,42091017,961-1,강릉-동해상사,goff,1,4202022,옥계현내시장,13,24,54.166667,True
2025,42091017,961-1,강릉-동해상사,goff,2,4201096,한라아파트,8,24,33.333333,True
2025,42091017,961-1,강릉-동해상사,goff,3,4202142,도직리,2,24,8.333333,True
2025,42091017,961-1,강릉-동해상사,goff,4,4201289,남양1리경로당,1,24,4.166667,True
2025,42091017,961-1,강릉-동해상사,ride,1,4201096,한라아파트,146,357,40.896359,True
2025,42091017,961-1,강릉-동해상사,ride,2,4202022,옥계현내시장,123,357,34.453782,True
2025,42091017,961-1,강릉-동해상사,ride,3,4202032,옥계현내시장,22,357,6.162465,True
2025,42091017,961-1,강릉-동해상사,ride,4,4201289,남양1리경로당,13,357,3.641457,True
2025,42091017,961-1,강릉-동해상사,ride,5,4201295,남양2리교,10,357,2.80112,True
2025,42091018,962-1,강릉-동해상사,goff,1,4202022,옥계현내시장,12,36,33.333333,True
2025,42091018,962-1,강릉-동해상사,goff,2,4202032,옥계현내시장,5,36,13.888889,True
2025,42091018,962-1,강릉-동해상사,goff,3,4202002,현내1리연탄직매장,4,36,11.111111,True
2025,42091018,962-1,강릉-동해상사,goff,4,4201328,산계리종점,3,36,8.333333,True
2025,42091018,962-1,강릉-동해상사,goff,4,4202072,주수1리,3,36,8.333333,True
2025,42091018,962-1,강릉-동해상사,ride,1,4202022,옥계현내시장,166,308,53.896104,True
2025,42091018,962-1,강릉-동해상사,ride,2,4201328,산계리종점,66,308,21.428571,True
2025,42091018,962-1,강릉-동해상사,ride,3,4202042,옥계면사무소,24,308,7.792208,True
2025,42091018,962-1,강릉-동해상사,ride,4,4201325,황기골,17,308,5.519481,True
2025,42091018,962-1,강릉-동해상사,ride,5,4202082,옥계역,12,308,3.896104,True
2025,42092072,202-1,강릉-동해상사,goff,1,4200252,신영극장,19145,94977,20.157512,True
2025,42092072,202-1,강릉-동해상사,goff,2,4201242,경포해변,12809,94977,13.486423,True
2025,42092072,202-1,강릉-동해상사,goff,3,4201261,강문해변입구,11386,94977,11.988166,True
2025,42092072,202-1,강릉-동해상사,goff,4,4200721,강릉역,10452,94977,11.00477,True
2025,42092072,202-1,강릉-동해상사,goff,5,4201267,경포호,5848,94977,6.15728,True
2025,42092072,202-1,강릉-동해상사,ride,1,4200252,신영극장,30266,145108,20.857568,True
2025,42092072,202-1,강릉-동해상사,ride,2,4200721,강릉역,18571,145108,12.798054,True
2025,42092072,202-1,강릉-동해상사,ride,3,4200121,강릉시외.고속터미널,13265,145108,9.141467,True
2025,42092072,202-1,강릉-동해상사,ride,4,4201242,경포해변,11763,145108,8.106376,True
2025,42092072,202-1,강릉-동해상사,ride,5,4200543,미디어촌5단지,10103,145108,6.9624,True
2025,42092075,,,goff,1,4200547,e-편한세상아파트,42,117,35.897436,False
2025,42092075,,,goff,2,4200109,동인병원입구,21,117,17.948718,False
2025,42092075,,,goff,3,4200363,율곡중정문,15,117,12.820513,False
2025,42092075,,,goff,4,4200111,하슬라중,11,117,9.401709,False
2025,42092075,,,goff,5,4200105,동명중학교,9,117,7.692308,False
2025,42092075,,,ride,1,4200543,미디어촌5단지,640,2525,25.346535,False
2025,42092075,,,ride,2,4200567,한내들아파트,390,2525,15.445545,False
2025,42092075,,,ride,3,4200131,하이빌현대아파트,298,2525,11.80198,False
2025,42092075,,,ride,4,4200566,주공2차아파트,228,2525,9.029703,False
2025,42092075,,,ride,5,4200129,주공3차아파트,154,2525,6.09901,False
2025,42092076,300-1,강릉-동해상사,goff,1,4200252,신영극장,78436,266772,29.401886,True
2025,42092076,300-1,강릉-동해상사,goff,2,4201044,안목커피거리,21837,266772,8.185642,True
2025,42092076,300-1,강릉-동해상사,goff,3,4200249,용강동서부시장,19735,266772,7.397703,True
2025,42092076,300-1,강릉-동해상사,goff,4,4200310,삼천리아파트,8350,266772,3.130014,True
2025,42092076,300-1,강릉-동해상사,goff,5,4200260,동남아파트,7806,266772,2.926094,True
2025,42092076,300-1,강릉-동해상사,ride,1,4200252,신영극장,72716,528147,13.768137,True
2025,42092076,300-1,강릉-동해상사,ride,2,4200197,작은다리,31442,528147,5.953267,True
2025,42092076,300-1,강릉-동해상사,ride,3,4200317,강릉아산병원.강릉약국,27242,528147,5.158034,True
2025,42092076,300-1,강릉-동해상사,ride,4,4200305,주문진시외버스터미널,22825,528147,4.321713,True
2025,42092076,300-1,강릉-동해상사,ride,5,4200194,주문진항입구,22294,528147,4.221173,True
2025,42092077,302-1,강릉-동해상사,goff,1,4200252,신영극장,6413,23174,27.673255,True
2025,42092077,302-1,강릉-동해상사,goff,2,4201044,안목커피거리,2166,23174,9.346682,True
2025,42092077,302-1,강릉-동해상사,goff,3,4200121,강릉시외.고속터미널,2079,23174,8.971261,True
2025,42092077,302-1,강릉-동해상사,goff,4,4200249,용강동서부시장,1531,23174,6.606542,True
2025,42092077,302-1,강릉-동해상사,goff,5,4200128,구름다리,1077,23174,4.64745,True
2025,42092077,302-1,강릉-동해상사,ride,1,4200252,신영극장,4472,43969,10.170802,True
2025,42092077,302-1,강릉-동해상사,ride,2,4200121,강릉시외.고속터미널,4310,43969,9.802361,True
2025,42092077,302-1,강릉-동해상사,ride,3,4201237,강릉아산병원(강릉방면),3078,43969,7.000387,True
2025,42092077,302-1,강릉-동해상사,ride,4,4200128,구름다리,2531,43969,5.756328,True
2025,42092077,302-1,강릉-동해상사,ride,5,4200317,강릉아산병원.강릉약국,2213,43969,5.033091,True
2025,42092092,314,강릉-동해상사,goff,1,4200253,교보생명,11942,57537,20.75534,True
2025,42092092,314,강릉-동해상사,goff,2,4200120,강릉시외.고속터미널,5935,57537,10.315102,True
2025,42092092,314,강릉-동해상사,goff,3,4200721,강릉역,2866,57537,4.981143,True
2025,42092092,314,강릉-동해상사,goff,4,4200196,작은다리,2786,57537,4.842102,True
2025,42092092,314,강릉-동해상사,goff,5,4200251,한국은행,2224,57537,3.865339,True
2025,42092092,314,강릉-동해상사,ride,1,4200253,교보생명,14107,103157,13.675272,True
2025,42092092,314,강릉-동해상사,ride,2,4200721,강릉역,10856,103157,10.523765,True
2025,42092092,314,강릉-동해상사,ride,3,4200120,강릉시외.고속터미널,7872,103157,7.631087,True
2025,42092092,314,강릉-동해상사,ride,4,4201043,안목,7761,103157,7.523484,True
2025,42092092,314,강릉-동해상사,ride,5,4200251,한국은행,5069,103157,4.913869,True
2025,42092094,314-1,강릉-동해상사,goff,1,4200252,신영극장,11636,53744,21.650789,True
2025,42092094,314-1,강릉-동해상사,goff,2,4200293,강릉역건너편,6190,53744,11.517565,True
2025,42092094,314-1,강릉-동해상사,goff,3,4201044,안목커피거리,5273,53744,9.811328,True
2025,42092094,314-1,강릉-동해상사,goff,4,4200121,강릉시외.고속터미널,4585,53744,8.531185,True
2025,42092094,314-1,강릉-동해상사,goff,5,4200249,용강동서부시장,2924,53744,5.440607,True
2025,42092094,314-1,강릉-동해상사,ride,1,4200252,신영극장,13202,98203,13.443581,True
2025,42092094,314-1,강릉-동해상사,ride,2,4200121,강릉시외.고속터미널,8873,98203,9.035366,True
2025,42092094,314-1,강릉-동해상사,ride,3,4200317,강릉아산병원.강릉약국,7410,98203,7.545594,True
2025,42092094,314-1,강릉-동해상사,ride,4,4200548,강릉소방서,4776,98203,4.863395,True
2025,42092094,314-1,강릉-동해상사,ride,5,4200293,강릉역건너편,4433,98203,4.514119,True
2025,42092096,202-2,강릉-동해상사,goff,1,4201242,경포해변,1678,4836,34.698098,True
2025,42092096,202-2,강릉-동해상사,goff,2,4200252,신영극장,522,4836,10.794045,True
2025,42092096,202-2,강릉-동해상사,goff,3,4200433,종합경기장,494,4836,10.215054,True
2025,42092096,202-2,강릉-동해상사,goff,4,4200430,강릉국민체육센터,356,4836,7.361456,True
2025,42092096,202-2,강릉-동해상사,goff,5,4201261,강문해변입구,259,4836,5.355666,True
2025,42092096,202-2,강릉-동해상사,ride,1,4200252,신영극장,1630,7795,20.91084,True
2025,42092096,202-2,강릉-동해상사,ride,2,4200721,강릉역,1447,7795,18.563182,True
2025,42092096,202-2,강릉-동해상사,ride,3,4200249,용강동서부시장,782,7795,10.032072,True
2025,42092096,202-2,강릉-동해상사,ride,4,4200070,경포현대아파트,731,7795,9.377806,True
2025,42092096,202-2,강릉-동해상사,ride,5,4200121,강릉시외.고속터미널,524,7795,6.722258,True
2025,42092099,961,강릉-동해상사,goff,1,4202022,옥계현내시장,674,1296,52.006173,True
2025,42092099,961,강릉-동해상사,goff,2,4201288,남양1리경로당,137,1296,10.570988,True
2025,42092099,961,강릉-동해상사,goff,3,4202032,옥계현내시장,122,1296,9.41358,True
2025,42092099,961,강릉-동해상사,goff,4,4200737,한라아파트,78,1296,6.018519,True
2025,42092099,961,강릉-동해상사,goff,5,4201287,남양리옛경로당,73,1296,5.632716,True
2025,42092099,961,강릉-동해상사,ride,1,4202032,옥계현내시장,3988,9126,43.699321,True
2025,42092099,961,강릉-동해상사,ride,2,4201284,올밑,855,9126,9.368836,True
2025,42092099,961,강릉-동해상사,ride,3,4201296,남양2리경로당,773,9126,8.470305,True
2025,42092099,961,강릉-동해상사,ride,4,4201096,한라아파트,597,9126,6.541749,True
2025,42092099,961,강릉-동해상사,ride,5,4201285,옥골,464,9126,5.084374,True
2025,42092100,962,강릉-동해상사,goff,1,4202022,옥계현내시장,405,719,56.328234,True
2025,42092100,962,강릉-동해상사,goff,2,4201328,산계리종점,175,719,24.33936,True
2025,42092100,962,강릉-동해상사,goff,3,4202002,현내1리연탄직매장,45,719,6.258693,True
2025,42092100,962,강릉-동해상사,goff,4,4202032,옥계현내시장,41,719,5.702364,True
2025,42092100,962,강릉-동해상사,goff,5,4201318,상반암2교,16,719,2.225313,True
2025,42092100,962,강릉-동해상사,ride,1,4202032,옥계현내시장,1570,3885,40.41184,True
2025,42092100,962,강릉-동해상사,ride,2,4201328,산계리종점,1237,3885,31.840412,True
2025,42092100,962,강릉-동해상사,ride,3,4201325,황기골,222,3885,5.714286,True
2025,42092100,962,강릉-동해상사,ride,4,4201319,상반암2교,186,3885,4.787645,True
2025,42092100,962,강릉-동해상사,ride,5,4201323,비상거리,177,3885,4.555985,True
2025,42092101,963,강릉-동해상사,goff,1,4202032,옥계현내시장,715,875,81.714286,True
2025,42092101,963,강릉-동해상사,goff,2,4201374,북동리종점,41,875,4.685714,True
2025,42092101,963,강릉-동해상사,goff,3,4202022,옥계현내시장,31,875,3.542857,True
2025,42092101,963,강릉-동해상사,goff,4,4202052,옥계면사무소,26,875,2.971429,True
2025,42092101,963,강릉-동해상사,goff,5,4201362,옹기마을,18,875,2.057143,True
2025,42092101,963,강릉-동해상사,ride,1,4202022,옥계현내시장,2211,5323,41.536727,True
2025,42092101,963,강릉-동해상사,ride,2,4201357,양지마을,691,5323,12.981401,True
2025,42092101,963,강릉-동해상사,ride,3,4201364,북동리회관,377,5323,7.082472,True
2025,42092101,963,강릉-동해상사,ride,4,4201363,옹기마을,300,5323,5.63592,True
2025,42092101,963,강릉-동해상사,ride,5,4201371,기스목이골,287,5323,5.391696,True
2025,42092102,964,강릉-동해상사,goff,1,4202032,옥계현내시장,1116,1620,68.888889,True
2025,42092102,964,강릉-동해상사,goff,2,4202052,옥계면사무소,165,1620,10.185185,True
2025,42092102,964,강릉-동해상사,goff,3,4201107,금진해양파출소,136,1620,8.395062,True
2025,42092102,964,강릉-동해상사,goff,4,4201347,금진해변,38,1620,2.345679,True
2025,42092102,964,강릉-동해상사,goff,5,4201344,금진2리마을회관,31,1620,1.91358,True
2025,42092102,964,강릉-동해상사,ride,1,4202022,옥계현내시장,2636,6329,41.64955,True
2025,42092102,964,강릉-동해상사,ride,2,4201348,금진해변,1050,6329,16.590299,True
2025,42092102,964,강릉-동해상사,ride,3,4201349,해수리튬연구센터,844,6329,13.33544,True
2025,42092102,964,강릉-동해상사,ride,4,4201345,금진2리마을회관,650,6329,10.270185,True
2025,42092102,964,강릉-동해상사,ride,5,4201107,금진해양파출소,566,6329,8.942961,True
2025,42092103,,,goff,1,4200293,강릉역건너편,109,253,43.083004,False
2025,42092103,,,goff,2,4200088,문성고등학교,26,253,10.27668,False
2025,42092103,,,goff,3,4200081,강일여고정문,22,253,8.695652,False
2025,42092103,,,goff,4,4200120,강릉시외.고속터미널,19,253,7.509881,False
2025,42092103,,,goff,5,4201376,가작다리입구,13,253,5.13834,False
2025,42092103,,,ride,1,4200543,미디어촌5단지,858,1917,44.757433,False
2025,42092103,,,ride,2,4201249,선수촌8단지,366,1917,19.092332,False
2025,42092103,,,ride,3,4200293,강릉역건너편,197,1917,10.276474,False
2025,42092103,,,ride,4,4200401,강릉복합복지체육센터,180,1917,9.389671,False
2025,42092103,,,ride,5,4200118,터미널오거리,73,1917,3.808033,False
2025,42092105,931,강릉-동해상사,goff,1,4200220,모래내행복센터,1761,3627,48.552523,True
2025,42092105,931,강릉-동해상사,goff,2,4200223,사천면사무소,459,3627,12.655087,True
2025,42092105,931,강릉-동해상사,goff,3,4200152,연변,233,3627,6.424042,True
2025,42092105,931,강릉-동해상사,goff,4,4200447,사천물회거리,179,3627,4.935208,True
2025,42092105,931,강릉-동해상사,goff,5,4200164,갈골한과,117,3627,3.225806,True
2025,42092105,931,강릉-동해상사,ride,1,4200222,사천면사무소,2590,7032,36.831627,True
2025,42092105,931,강릉-동해상사,ride,2,4201238,사천진리,956,7032,13.594994,True
2025,42092105,931,강릉-동해상사,ride,3,4201242,경포해변,875,7032,12.443117,True
2025,42092105,931,강릉-동해상사,ride,4,4200447,사천물회거리,763,7032,10.850398,True
2025,42092105,931,강릉-동해상사,ride,5,4200008,하평리,347,7032,4.934585,True
2025,42092106,932,강릉-동해상사,goff,1,4200223,사천면사무소,143,301,47.508306,True
2025,42092106,932,강릉-동해상사,goff,2,4200220,모래내행복센터,99,301,32.890365,True
2025,42092106,932,강릉-동해상사,goff,3,4200139,석교2리마을회관,41,301,13.621262,True
2025,42092106,932,강릉-동해상사,goff,4,4200219,청솔공원,9,301,2.990033,True
2025,42092106,932,강릉-동해상사,goff,5,4200221,모래내행복센터,7,301,2.325581,True
2025,42092106,932,강릉-동해상사,ride,1,4200139,석교2리마을회관,244,440,55.454545,True
2025,42092106,932,강릉-동해상사,ride,2,4200222,사천면사무소,126,440,28.636364,True
2025,42092106,932,강릉-동해상사,ride,3,4200529,판교2리마을회관,40,440,9.090909,True
2025,42092106,932,강릉-동해상사,ride,4,4200223,사천면사무소,20,440,4.545455,True
2025,42092106,932,강릉-동해상사,ride,5,4200221,모래내행복센터,6,440,1.363636,True
2025,42092107,921,강릉-동해상사,goff,1,4200354,연곡면사무소,2865,4378,65.440841,True
2025,42092107,921,강릉-동해상사,goff,2,4200330,퇴곡1리경로당,250,4378,5.71037,True
2025,42092107,921,강릉-동해상사,goff,3,4200352,연곡초교,182,4378,4.157149,True
2025,42092107,921,강릉-동해상사,goff,4,4200423,성원사입구,146,4378,3.334856,True
2025,42092107,921,강릉-동해상사,goff,5,4200343,동양시멘트입구,97,4378,2.215624,True
2025,42092107,921,강릉-동해상사,ride,1,4200354,연곡면사무소,3661,7340,49.877384,True
2025,42092107,921,강릉-동해상사,ride,2,4200399,송천종점,633,7340,8.623978,True
2025,42092107,921,강릉-동해상사,ride,3,4200327,소금강산돌박물관,508,7340,6.920981,True
2025,42092107,921,강릉-동해상사,ride,4,4200412,진고개휴게소,308,7340,4.196185,True
2025,42092107,921,강릉-동해상사,ride,5,4200422,성원사입구,193,7340,2.629428,True
2025,42092109,922,강릉-동해상사,goff,1,4200354,연곡면사무소,2572,3675,69.986395,True
2025,42092109,922,강릉-동해상사,goff,2,4200328,삼산분소,186,3675,5.061224,True
2025,42092109,922,강릉-동해상사,goff,3,4200419,소금강산종점,179,3675,4.870748,True
2025,42092109,922,강릉-동해상사,goff,4,4200330,퇴곡1리경로당,100,3675,2.721088,True
2025,42092109,922,강릉-동해상사,goff,5,4200171,삼산1리,91,3675,2.47619,True
2025,42092109,922,강릉-동해상사,ride,1,4200354,연곡면사무소,2850,6103,46.698345,True
2025,42092109,922,강릉-동해상사,ride,2,4200419,소금강산종점,967,6103,15.844667,True
2025,42092109,922,강릉-동해상사,ride,3,4200327,소금강산돌박물관,321,6103,5.259708,True
2025,42092109,922,강릉-동해상사,ride,4,4200168,소금강산분교,258,6103,4.227429,True
2025,42092109,922,강릉-동해상사,ride,5,4200167,소금강산,208,6103,3.40816,True
2025,42092111,931-1,강릉-동해상사,goff,1,4201242,경포해변,1908,5441,35.067083,False
2025,42092111,931-1,강릉-동해상사,goff,2,4200220,모래내행복센터,1389,5441,25.528396,True
2025,42092111,931-1,강릉-동해상사,goff,3,4200223,사천면사무소,985,5441,18.10329,True
2025,42092111,931-1,강릉-동해상사,goff,4,4200447,사천물회거리,407,5441,7.480243,True
2025,42092111,931-1,강릉-동해상사,goff,5,4201238,사천진리,333,5441,6.120198,True
2025,42092111,931-1,강릉-동해상사,ride,1,4200223,사천면사무소,1311,8355,15.691203,True
2025,42092111,931-1,강릉-동해상사,ride,2,4200222,사천면사무소,770,8355,9.216038,True
2025,42092111,931-1,강릉-동해상사,ride,3,4200447,사천물회거리,735,8355,8.797127,True
2025,42092111,931-1,강릉-동해상사,ride,4,4200151,연변,515,8355,6.163974,True
2025,42092111,931-1,강릉-동해상사,ride,5,4200143,해살이,495,8355,5.924596,True
2025,42092112,933,강릉-동해상사,goff,1,4200385,덕실리,343,855,40.116959,True
2025,42092112,933,강릉-동해상사,goff,2,4200418,강릉아산병원.강릉약국,234,855,27.368421,True
2025,42092112,933,강릉-동해상사,goff,3,4200222,사천면사무소,175,855,20.467836,True
2025,42092112,933,강릉-동해상사,goff,4,4200223,사천면사무소,64,855,7.48538,True
2025,42092112,933,강릉-동해상사,goff,5,4200384,미노리,19,855,2.222222,True
2025,42092112,933,강릉-동해상사,ride,1,4200385,덕실리,369,1291,28.582494,True
2025,42092112,933,강릉-동해상사,ride,2,4200223,사천면사무소,299,1291,23.160341,True
2025,42092112,933,강릉-동해상사,ride,3,4200383,산대월리마을회관,279,1291,21.611154,True
2025,42092112,933,강릉-동해상사,ride,4,4200384,미노리,278,1291,21.533695,True
2025,42092112,933,강릉-동해상사,ride,5,4200004,숲사랑홍보관,30,1291,2.32378,True
2025,42092113,930,강릉-동해상사,goff,1,4200220,모래내행복센터,938,1613,58.152511,True
2025,42092113,930,강릉-동해상사,goff,2,4200223,사천면사무소,428,1613,26.534408,True
2025,42092113,930,강릉-동해상사,goff,3,4200447,사천물회거리,93,1613,5.765654,True
2025,42092113,930,강릉-동해상사,goff,4,4201238,사천진리,36,1613,2.231866,True
2025,42092113,930,강릉-동해상사,goff,5,4200434,사근진해변,18,1613,1.115933,True
2025,42092113,930,강릉-동해상사,ride,1,4201242,경포해변,564,2332,24.185249,True
2025,42092113,930,강릉-동해상사,ride,2,4201238,사천진리,427,2332,18.310463,True
2025,42092113,930,강릉-동해상사,ride,3,4200447,사천물회거리,407,2332,17.45283,True
2025,42092113,930,강릉-동해상사,ride,4,4200008,하평리,295,2332,12.650086,True
2025,42092113,930,강릉-동해상사,ride,5,4202153,운양초등학교,170,2332,7.28988,True
2025,42092114,930-1,강릉-동해상사,goff,1,4201242,경포해변,724,1290,56.124031,False
2025,42092114,930-1,강릉-동해상사,goff,2,4200447,사천물회거리,285,1290,22.093023,True
2025,42092114,930-1,강릉-동해상사,goff,3,4201238,사천진리,77,1290,5.968992,True
2025,42092114,930-1,강릉-동해상사,goff,4,4200435,사근진해변,43,1290,3.333333,True
2025,42092114,930-1,강릉-동해상사,goff,5,4200441,산대월리.순포,29,1290,2.248062,True
2025,42092114,930-1,강릉-동해상사,goff,5,4201381,너다리,29,1290,2.248062,True
2025,42092114,930-1,강릉-동해상사,ride,1,4200222,사천면사무소,1263,2329,54.229283,True
2025,42092114,930-1,강릉-동해상사,ride,2,4200447,사천물회거리,347,2329,14.899098,True
2025,42092114,930-1,강릉-동해상사,ride,3,4200435,사근진해변,130,2329,5.581795,True
2025,42092114,930-1,강릉-동해상사,ride,4,4200437,순긋해변,111,2329,4.765994,True
2025,42092114,930-1,강릉-동해상사,ride,5,4200221,모래내행복센터,101,2329,4.336625,True
2025,42092115,934,강릉-동해상사,goff,1,4200252,신영극장,2757,4841,56.951043,True
2025,42092115,934,강릉-동해상사,goff,2,4200223,사천면사무소,581,4841,12.001653,True
2025,42092115,934,강릉-동해상사,goff,3,4200797,KTX공영주차장환승장,472,4841,9.750052,True
2025,42092115,934,강릉-동해상사,goff,4,4200220,모래내행복센터,468,4841,9.667424,True
2025,42092115,934,강릉-동해상사,goff,5,4200436,순긋해변,225,4841,4.6478,True
2025,42092115,934,강릉-동해상사,ride,1,4200447,사천물회거리,1916,6909,27.731944,True
2025,42092115,934,강릉-동해상사,ride,2,4201238,사천진리,1316,6909,19.047619,True
2025,42092115,934,강릉-동해상사,ride,3,4201242,경포해변,1155,6909,16.717325,True
2025,42092115,934,강릉-동해상사,ride,4,4200390,운양초교,416,6909,6.021132,True
2025,42092115,934,강릉-동해상사,ride,5,4200008,하평리,373,6909,5.398755,True
2025,42092116,934-1,강릉-동해상사,goff,1,4201242,경포해변,1603,3107,51.593177,False
2025,42092116,934-1,강릉-동해상사,goff,2,4200447,사천물회거리,523,3107,16.832958,True
2025,42092116,934-1,강릉-동해상사,goff,3,4201238,사천진리,182,3107,5.857741,True
2025,42092116,934-1,강릉-동해상사,goff,4,4200435,사근진해변,164,3107,5.278404,True
2025,42092116,934-1,강릉-동해상사,goff,5,4200387,하평리,148,3107,4.763437,True
2025,42092116,934-1,강릉-동해상사,ride,1,4200253,교보생명,2535,5523,45.898968,True
2025,42092116,934-1,강릉-동해상사,ride,2,4200222,사천면사무소,724,5523,13.108818,True
2025,42092116,934-1,강릉-동해상사,ride,3,4200447,사천물회거리,525,5523,9.505703,True
2025,42092116,934-1,강릉-동해상사,ride,4,4200435,사근진해변,331,5523,5.99312,True
2025,42092116,934-1,강릉-동해상사,ride,5,4200437,순긋해변,279,5523,5.051602,True
2025,42092117,935,강릉-동해상사,goff,1,4200146,강릉면허시험장,305,1691,18.036665,True
2025,42092117,935,강릉-동해상사,goff,2,4200160,노동회관,219,1691,12.950917,True
2025,42092117,935,강릉-동해상사,goff,3,4200152,연변,165,1691,9.75754,True
2025,42092117,935,강릉-동해상사,goff,4,4200144,해살이,133,1691,7.865169,True
2025,42092117,935,강릉-동해상사,goff,5,4200142,사기막마을회관,130,1691,7.687759,True
2025,42092117,935,강릉-동해상사,ride,1,4200253,교보생명,4236,6985,60.644238,True
2025,42092117,935,강릉-동해상사,ride,2,4200222,사천면사무소,1903,6985,27.244094,True
2025,42092117,935,강릉-동해상사,ride,3,4200797,KTX공영주차장환승장,280,6985,4.00859,True
2025,42092117,935,강릉-동해상사,ride,4,4200221,모래내행복센터,206,6985,2.949177,True
2025,42092117,935,강릉-동해상사,ride,5,4200165,사천중학교,165,6985,2.362205,True
2025,42092118,935-1,강릉-동해상사,goff,1,4200252,신영극장,3064,5637,54.355153,True
2025,42092118,935-1,강릉-동해상사,goff,2,4200220,모래내행복센터,1111,5637,19.709065,True
2025,42092118,935-1,강릉-동해상사,goff,3,4200223,사천면사무소,1038,5637,18.41405,True
2025,42092118,935-1,강릉-동해상사,goff,4,4200797,KTX공영주차장환승장,309,5637,5.481639,True
2025,42092118,935-1,강릉-동해상사,goff,5,4200294,사천중학교,45,5637,0.798297,True
2025,42092118,935-1,강릉-동해상사,ride,1,4200159,노동회관,1400,8579,16.318918,True
2025,42092118,935-1,강릉-동해상사,ride,2,4200151,연변,1296,8579,15.106656,True
2025,42092118,935-1,강릉-동해상사,ride,3,4200143,해살이,939,8579,10.945332,True
2025,42092118,935-1,강릉-동해상사,ride,4,4200140,사기막,896,8579,10.444108,True
2025,42092118,935-1,강릉-동해상사,ride,5,4200141,사기막마을회관,760,8579,8.858841,True
2025,42092141,시티1,강릉-동해상사,goff,1,4200244,안목커피거리,8595,60103,14.300451,True
2025,42092141,시티1,강릉-동해상사,goff,2,4200613,강문해변,6409,60103,10.663361,True
2025,42092141,시티1,강릉-동해상사,goff,3,4201242,경포해변,4913,60103,8.174301,True
2025,42092141,시티1,강릉-동해상사,goff,4,4201276,주문진수산시장,3928,60103,6.535447,True
2025,42092141,시티1,강릉-동해상사,goff,5,4201262,안목해변,3650,60103,6.072908,True
2025,42092141,시티1,강릉-동해상사,ride,1,4201057,안목커피거리,7593,74376,10.208938,True
2025,42092141,시티1,강릉-동해상사,ride,2,4201275,주문진수산시장,6158,74376,8.279553,True
2025,42092141,시티1,강릉-동해상사,ride,3,4201242,경포해변,5753,74376,7.735022,True
2025,42092141,시티1,강릉-동해상사,ride,4,4200323,경포해변,3987,74376,5.3606,True
2025,42092141,시티1,강릉-동해상사,ride,5,4201263,안목해변,3493,74376,4.696407,True
2025,42092142,924,강릉-동해상사,goff,1,4200212,연곡면사무소,29,43,67.44186,True
2025,42092142,924,강릉-동해상사,goff,2,4201271,영진해변,5,43,11.627907,True
2025,42092142,924,강릉-동해상사,goff,3,4201270,영진항,4,43,9.302326,True
2025,42092142,924,강릉-동해상사,goff,4,4200211,삼천리아파트,3,43,6.976744,True
2025,42092142,924,강릉-동해상사,goff,5,4200450,연곡해변,2,43,4.651163,True
2025,42092142,924,강릉-동해상사,ride,1,4200212,연곡면사무소,38,64,59.375,True
2025,42092142,924,강릉-동해상사,ride,2,4200450,연곡해변,13,64,20.3125,True
2025,42092142,924,강릉-동해상사,ride,3,4200211,삼천리아파트,7,64,10.9375,True
2025,42092142,924,강릉-동해상사,ride,4,4201271,영진해변,6,64,9.375,True
2025,42092144,206-1,강릉-동해상사,goff,1,4200252,신영극장,3999,15791,25.324552,True
2025,42092144,206-1,강릉-동해상사,goff,2,4200253,교보생명,1762,15791,11.158255,True
2025,42092144,206-1,강릉-동해상사,goff,3,4200120,강릉시외.고속터미널,954,15791,6.041416,True
2025,42092144,206-1,강릉-동해상사,goff,4,4200530,주공2차아파트,766,15791,4.850864,True
2025,42092144,206-1,강릉-동해상사,goff,5,4200249,용강동서부시장,743,15791,4.705212,True
2025,42092144,206-1,강릉-동해상사,ride,1,4200253,교보생명,4943,31945,15.47347,True
2025,42092144,206-1,강릉-동해상사,ride,2,4200252,신영극장,3264,31945,10.217561,True
2025,42092144,206-1,강릉-동해상사,ride,3,4200530,주공2차아파트,2775,31945,8.686805,True
2025,42092144,206-1,강릉-동해상사,ride,4,4200251,한국은행,1661,31945,5.199562,True
2025,42092144,206-1,강릉-동해상사,ride,5,4200121,강릉시외.고속터미널,1651,31945,5.168258,True
2025,42092151,212,강릉-동해상사,goff,1,4200253,교보생명,1725,10213,16.890238,True
2025,42092151,212,강릉-동해상사,goff,2,4200047,강릉고정문,1428,10213,13.98218,True
2025,42092151,212,강릉-동해상사,goff,3,4201044,안목커피거리,1158,10213,11.33849,True
2025,42092151,212,강릉-동해상사,goff,4,4200121,강릉시외.고속터미널,1131,10213,11.074121,True
2025,42092151,212,강릉-동해상사,goff,5,4202156,세인트존스호텔,834,10213,8.166063,True
2025,42092151,212,강릉-동해상사,ride,1,4200721,강릉역,3045,15794,19.279473,True
2025,42092151,212,강릉-동해상사,ride,2,4200121,강릉시외.고속터미널,1682,15794,10.649614,True
2025,42092151,212,강릉-동해상사,ride,3,4200253,교보생명,1383,15794,8.75649,True
2025,42092151,212,강릉-동해상사,ride,4,4201043,안목,894,15794,5.660377,True
2025,42092151,212,강릉-동해상사,ride,5,4200274,송정노인회관,883,15794,5.590731,True
2025,42092152,212-1,강릉-동해상사,goff,1,4201044,안목커피거리,2264,11619,19.485326,True
2025,42092152,212-1,강릉-동해상사,goff,2,4200252,신영극장,2194,11619,18.882864,True
2025,42092152,212-1,강릉-동해상사,goff,3,4200721,강릉역,1272,11619,10.947586,True
2025,42092152,212-1,강릉-동해상사,goff,4,4200121,강릉시외.고속터미널,623,11619,5.361907,True
2025,42092152,212-1,강릉-동해상사,goff,5,4200249,용강동서부시장,535,11619,4.604527,True
2025,42092152,212-1,강릉-동해상사,ride,1,4200252,신영극장,4441,19076,23.280562,True
2025,42092152,212-1,강릉-동해상사,ride,2,4200121,강릉시외.고속터미널,3046,19076,15.967708,True
2025,42092152,212-1,강릉-동해상사,ride,3,4200721,강릉역,778,19076,4.078423,True
2025,42092152,212-1,강릉-동해상사,ride,4,4201043,안목,763,19076,3.99979,True
2025,42092152,212-1,강릉-동해상사,ride,5,4200119,터미널오거리,658,19076,3.44936,True
2025,42092153,300-1(강릉역),강릉-동해상사,goff,1,4200252,신영극장,366,1152,31.770833,True
2025,42092153,300-1(강릉역),강릉-동해상사,goff,2,4200249,용강동서부시장,95,1152,8.246528,True
2025,42092153,300-1(강릉역),강릉-동해상사,goff,3,4200293,강릉역건너편,55,1152,4.774306,True
2025,42092153,300-1(강릉역),강릉-동해상사,goff,4,4201044,안목커피거리,48,1152,4.166667,True
2025,42092153,300-1(강릉역),강릉-동해상사,goff,5,4200094,강릉여고,35,1152,3.038194,True
2025,42092153,300-1(강릉역),강릉-동해상사,goff,5,4200245,이명사거리,35,1152,3.038194,True
2025,42092153,300-1(강릉역),강릉-동해상사,ride,1,4200252,신영극장,226,2300,9.826087,True
2025,42092153,300-1(강릉역),강릉-동해상사,ride,2,4200317,강릉아산병원.강릉약국,158,2300,6.869565,True
2025,42092153,300-1(강릉역),강릉-동해상사,ride,3,4200197,작은다리,142,2300,6.173913,True
2025,42092153,300-1(강릉역),강릉-동해상사,ride,4,4200305,주문진시외버스터미널,137,2300,5.956522,True
2025,42092153,300-1(강릉역),강릉-동해상사,ride,5,4200238,오죽헌,136,2300,5.913043,True
2025,42101048,,,goff,1,4202032,옥계현내시장,178,287,62.020906,False
2025,42101048,,,goff,2,4202052,옥계면사무소,52,287,18.118467,False
2025,42101048,,,goff,3,4202082,옥계역,16,287,5.574913,False
2025,42101048,,,goff,4,4202102,주수2리,12,287,4.181185,False
2025,42101048,,,goff,5,4202092,옥계역,9,287,3.135889,False
2025,42101048,,,ride,1,4202032,옥계현내시장,893,2274,39.270009,False
2025,42101048,,,ride,2,4202022,옥계현내시장,614,2274,27.00088,False
2025,42101048,,,ride,3,4202042,옥계면사무소,168,2274,7.387863,False
2025,42101048,,,ride,4,4202062,주수1리,161,2274,7.080035,False
2025,42101048,,,ride,5,4202142,도직리,101,2274,4.441513,False
2025,42101049,,,goff,1,4202032,옥계현내시장,662,1021,64.838394,False
2025,42101049,,,goff,2,4202052,옥계면사무소,190,1021,18.609207,False
2025,42101049,,,goff,3,4202092,옥계역,57,1021,5.582762,False
2025,42101049,,,goff,4,4202072,주수1리,42,1021,4.113614,False
2025,42101049,,,goff,5,4202112,주수2리,19,1021,1.860921,False
2025,42101049,,,ride,1,4202022,옥계현내시장,1030,2508,41.068581,False
2025,42101049,,,ride,2,4202032,옥계현내시장,581,2508,23.165869,False
2025,42101049,,,ride,3,4202062,주수1리,272,2508,10.845295,False
2025,42101049,,,ride,4,4202082,옥계역,147,2508,5.861244,False
2025,42101049,,,ride,5,4202142,도직리,146,2508,5.821372,False
2025,42101054,,,goff,1,4202032,옥계현내시장,488,725,67.310345,False
2025,42101054,,,goff,2,4202052,옥계면사무소,125,725,17.241379,False
2025,42101054,,,goff,3,4202092,옥계역,38,725,5.241379,False
2025,42101054,,,goff,4,4202022,옥계현내시장,28,725,3.862069,False
2025,42101054,,,goff,5,4202072,주수1리,27,725,3.724138,False
2025,42101054,,,ride,1,4202022,옥계현내시장,1111,1498,74.165554,False
2025,42101054,,,ride,2,4202032,옥계현내시장,148,1498,9.87984,False
2025,42101054,,,ride,3,4202062,주수1리,103,1498,6.875834,False
2025,42101054,,,ride,4,4202082,옥계역,47,1498,3.137517,False
2025,42101054,,,ride,5,4202152,도직리,15,1498,1.001335,False
2025,42805078,,,goff,1,4201396,고단경로당,2,4,50.0,False
2025,42805078,,,goff,2,4201388,안고단,1,4,25.0,False
2025,42805078,,,goff,2,4201395,고단경로당,1,4,25.0,False
2025,42805078,,,ride,1,4201388,안고단,131,236,55.508475,False
2025,42805078,,,ride,2,4201395,고단경로당,42,236,17.79661,False
2025,42805078,,,ride,3,4200916,고단2.3리교차로,30,236,12.711864,False
2025,42805078,,,ride,4,4201390,고단보건소,15,236,6.355932,False
2025,42805078,,,ride,5,4201396,고단경로당,12,236,5.084746,False
2025,43104005,,,goff,1,4312050,향호리종점,714,714,100.0,False
2025,43104005,,,ride,1,4312050,향호리종점,1264,1264,100.0,False
2025,43107001,,,goff,1,4312050,향호리종점,681,719,94.714882,False
2025,43107001,,,goff,2,4311940,향호리종점,38,719,5.285118,False
2025,43107001,,,ride,1,4311940,향호리종점,2465,4583,53.78573,False
2025,43107001,,,ride,2,4312050,향호리종점,2118,4583,46.21427,False
2025,43107002,,,goff,1,4312050,향호리종점,142,148,95.945946,False
2025,43107002,,,goff,2,4311940,향호리종점,6,148,4.054054,False
2025,43107002,,,ride,1,4311940,향호리종점,522,930,56.129032,False
2025,43107002,,,ride,2,4312050,향호리종점,408,930,43.870968,False
2025,43107003,,,goff,1,4312050,향호리종점,1223,1303,93.860322,False
2025,43107003,,,goff,2,4311940,향호리종점,80,1303,6.139678,False
2025,43107003,,,ride,1,4311940,향호리종점,4162,6722,61.916096,False
2025,43107003,,,ride,2,4312050,향호리종점,2560,6722,38.083904,False
